video_id,comment_id,author_display_name,text,published_at,like_count,clean_text,word_count
mDw83aS4ALo,UgxjRHmfxY8SBWBcVdp4AaABAg,@NAGSABANDIYAHBENGKULU,"Ini tentang hati yg pernah satu tujuan tp tak sejalan lagi, "" ini tentang hati bukan keyakinan""",2025-05-18T05:05:50Z,0,hati yg tujuan tp sejalan hati keyakinan,7
mDw83aS4ALo,UgxgHgfMcP9brO_oCxV4AaABAg,@muhammadwuqufchan,pernah mengalami ....sayang ya...dia dijodohkan dan aku selaluendoakn yg terbaik Bu Serly,2025-05-18T02:58:49Z,0,mengalami sayang yadia dijodohkan selaluendoakn yg terbaik bu serly,9
mDw83aS4ALo,UgyU4jNTKjUafCj4Rsx4AaABAg,@biesopia,"lagu ini bener bener relate, susah banget emang punya hubungan beda agama apalagi sama yang KATOLIK , cuman bisa ngejlanin tapi sambil yaAllah",2025-05-18T02:05:10Z,0,lagu bener bener relate susah banget emang hubungan beda agama katolik cuman ngejlanin yaallah,14
mDw83aS4ALo,UgzzDa6e28GBSvXGwW54AaABAg,@Liputan7-idTulungagung,"3:10 nih durasi yang kalian cari cari
Jangan salahkan faham ku kini....",2025-05-17T20:16:19Z,2,nih durasi cari cari salahkan faham ku,7
mDw83aS4ALo,UgyzNPCj-xmggKl7J3N4AaABAg,@mochammmadzulfikar5088,"kok gw sukanya pas ending nya doang ya, ada yg samağŸ˜¢ğŸ˜­ğŸ˜­",2025-05-17T19:54:05Z,0,gw sukanya pas ending nya doang ya yg,8
mDw83aS4ALo,UgwQvvhnoB-_L6U0_454AaABAg,@rorojoging,"cinta ariel sudah habis di luna, sepertinya luna pun juga sama, tapi luna berpikir logis, karna hidup terus berjalan.
jika kita lihat ariel selalu gagal dalam berhubungan, begitupun luna juga seperti itu sebelum menikah dengan maxim, tapi tuhan maha adil, dan setiap yang berusaha pasti akan memperoleh hasilnya, luna sudah berusaha mempunyai hubungan yang serius selama bertahun tahun, dan akhirnya sekarang luna sudah menemukan jodohnya.
gw harap lu juga bang, sedih sebenernya, tapi lu juga berhak mendapatkan sosok yang terbaik versi lu, semoga dalam perjalanan hidup lu setelah ini bisa serius dalam berhubungan.
gw fans lu dari gw remaja bang, semangat.",2025-05-17T18:25:56Z,0,cinta ariel habis luna luna luna berpikir logis karna hidup berjalan lihat ariel gagal berhubungan luna menikah maxim tuhan maha adil berusaha memperoleh hasilnya luna berusaha hubungan serius bertahun luna menemukan jodohnya gw harap lu bang sedih sebenernya lu berhak sosok terbaik versi lu semoga perjalanan hidup lu serius berhubungan gw fans lu gw remaja bang semangat,57
mDw83aS4ALo,UgwE23-Elu_PWdMg3k94AaABAg,@GalangAlbiano,Band ini emeng gila..kata2 sama lirik nya dalam banget,2025-05-17T15:52:34Z,0,band emeng gilakata lirik nya banget,6
mDw83aS4ALo,UgzQP59eHT-NFqNMaXZ4AaABAg,@komangdyanthi9774,Dan baru viral skrg.. anak gw umur 8 th udh hafal dr 2 th yg lalu.. ggara papanya srg dger.. dan memng gw nikah beda agama,2025-05-17T15:03:40Z,1,viral skrg anak gw umur th udh hafal dr th yg ggara papanya srg dger memng gw nikah beda agama,20
mDw83aS4ALo,UgzV1F0hVPU_VE8c6aJ4AaABAg,@Izzyyy90,"Tuhan ku dan Tuhan mu berbeda, mana mungkin aku merebut kan dirimu hanya untuk mu berpaling kepada Tuhan yang lain. Cerita kita berbeda, apa yang aku harapkan Cuman satu. Teruskan lah berjalan semoga satu hari nanti kita berdua akan bertemu dengan pasangan yang cocok tanpa memikirkan tangan yang menadah dan juga tangan yang menggengam hanya kerana kita berbeda kiblat.",2025-05-17T14:33:24Z,0,tuhan ku tuhan mu berbeda merebut dirimu mu berpaling tuhan cerita berbeda harapkan cuman teruskan berjalan semoga berdua bertemu pasangan cocok memikirkan tangan menadah tangan menggengam kerana berbeda kiblat,29
mDw83aS4ALo,UgxMS5F-FGLKA2B9qY14AaABAg,@fajarsidik6470,"Siapa yg tau, siapa yg mau, siapa yg cinta pada nabimu...",2025-05-17T14:31:52Z,2,yg tau yg yg cinta nabimu,6
mDw83aS4ALo,UgzxOUMfZq8nNgUDuAd4AaABAg,@ahmadbudiman9076,Kesini gegara tongkrongan gitar feat hadad alwiğŸ˜‚,2025-05-17T13:12:53Z,0,kesini gegara tongkrongan gitar feat hadad alwi,7
mDw83aS4ALo,UgxPYZ269QtTeMmL3SV4AaABAg,@MrAmnsia,"baru tau band ini, kok enak lagu ternyata lagunya udah lama",2025-05-17T12:43:33Z,0,tau band enak lagu lagunya udah,6
mDw83aS4ALo,UgztoroNzWSwHQa9zyB4AaABAg,@thesecond5038,"sy jarang bgt denger lagu musisi Indonesia, tapi utk lagu ini baru sekali dengar cuplikannya langsung suka dan cari2 judulnya sampe dapet. Melodi, aransemen dan vokalnya ğŸ‘ğŸ’œ",2025-05-17T10:46:23Z,0,sy jarang bgt denger lagu musisi indonesia utk lagu dengar cuplikannya langsung suka cari judulnya sampe dapet melodi aransemen vokalnya,20
mDw83aS4ALo,UgwLZqujSrxcI0GVvFJ4AaABAg,@aringgaanandisf.1458,"terjebak 3 tahun pada orang yg sama. tanpa sepatah kata, tanpa bertatap muka, semuanya masih tetap sama. dirimu yg pergi tanpa meninggalkan sepatah kata, dan diriku yg menunggu kembalinya dirimu. disini, perasaan ini tetap sama. hanya untukmu dan akan seterusnya begitu",2025-05-17T10:05:36Z,0,terjebak orang yg sepatah bertatap muka dirimu yg pergi meninggalkan sepatah diriku yg menunggu kembalinya dirimu perasaan untukmu,18
mDw83aS4ALo,UgxzGKqPxVn4njJjiYF4AaABAg,@AdeIrawan-o8c,"Sayangnya yg buming lirik terakhir nya ???
Kenapa ga di masukin untuk reff nya aja jadi bisa enak ini menurut w aja sukajuga sama lirik yg lagi viral iniğŸ‘ğŸ»ğŸ‘ğŸ»",2025-05-17T09:34:56Z,0,sayangnya yg buming lirik nya ga masukin reff nya aja enak w aja sukajuga lirik yg viral,17
mDw83aS4ALo,Ugye8sti_-XWWXSMo0t4AaABAg,@AnisSina-z6f,"walaupun 3bulan kita bersama,sampai nafas terakhir ini (6thn) aku masih teringat bau harummu,maaf aku tidak bisa menjadi lelaki yang kau inginkan",2025-05-17T09:01:36Z,0,bersamasampai nafas thn bau harummumaaf lelaki kau,7
mDw83aS4ALo,UgzlA_SWbCZA-_JGkot4AaABAg,@aizennightcore8240,Ternyata lagunya udah lama tapi gw baru tau Krn lagi viral ğŸ˜®,2025-05-17T05:27:14Z,0,lagunya udah gw tau krn viral,6
mDw83aS4ALo,Ugw2QpAtti2FAoEJlVx4AaABAg,@ramanovaljaya6557,"Dri awal muncul beberapa bulan , gua udh suka lagu ini dan skrng Viral booommm TerMangu mangu kalian â˜ºï¸â˜ºï¸",2025-05-17T04:35:56Z,1,dri muncul gua udh suka lagu skrng viral booommm termangu mangu,11
mDw83aS4ALo,Ugxa0s3jfd0mxfMvjoF4AaABAg,@rakayw,"sok sok an dengerin mangu, padahal yang beda perasaan nya bukan agama nya.",2025-05-17T03:47:33Z,4,sok sok dengerin mangu beda perasaan nya agama nya,9
mDw83aS4ALo,UgxsnzkGYpL_Wo_hItZ4AaABAg,@ChinAfong,"kita SE agama kok engga bisaa gituu dapetin hati mu,walau kamu ga tau kalau aku suka kamuuğŸ˜”ğŸ™ğŸ»",2025-05-17T03:46:32Z,2,agama engga bisaa gituu dapetin hati muwalau ga tau suka kamuu,11
mDw83aS4ALo,UgyeVwd1VkoryiE76j14AaABAg,@Albian012-m3m,"Gua denger lagu ini, enaknya pas bagian ceweknyağŸ˜­",2025-05-17T03:04:19Z,0,gua denger lagu enaknya pas ceweknya,6
mDw83aS4ALo,Ugy5SX1FGtMBqgnyv1h4AaABAg,@WendraFebrata,untukmu agamamu dan untuk ku event nya aja,2025-05-17T03:04:08Z,0,untukmu agamamu ku event nya aja,6
mDw83aS4ALo,Ugya8T_VPOTuHEsFKSl4AaABAg,@sindimartindaayu7350,"7Tahun bersama, di Pisahkan karna Sahabat nya ğŸ˜¢ Bukan hanya tentang Sahabat,, Melainkan hati yg sudah tidak ingin Bersama.... ğŸ˜…",2025-05-16T23:06:07Z,0,pisahkan karna sahabat nya sahabat hati yg,7
mDw83aS4ALo,Ugxog11hlSMOSVDDL_Z4AaABAg,@reigarestu367,"Lagumu rilis disaat aku memperjuangkan seseorang yang sama seperti alur cerita lagumu,tapi sialnya aku baru tau lagu ini sekarang,setelah aku sudah tidak dengan orang tersebut,MANGU bukan hanya sekedar lagu tapi suatu lukisan indah di ingatan orang orang yang pernah menjalin hubungan beda keyakinan.......ğŸ˜ŠğŸ˜Š",2025-05-16T20:04:57Z,0,lagumu rilis disaat memperjuangkan alur cerita lagumutapi sialnya tau lagu sekarangsetelah orang tersebutmangu sekedar lagu lukisan indah ingatan orang orang menjalin hubungan beda keyakinan,24
mDw83aS4ALo,UgxqTiyWqFv9ejqeT7Z4AaABAg,@bangtamasihiteru73,"Gw heran pas dateng ke salah satu bank di medan, ekh malah disambut sama pak satpamnya yang ngatai ge mirip ari Lesmana ğŸ¤”",2025-05-16T17:59:30Z,0,gw heran pas dateng salah bank medan ekh disambut satpamnya ngatai ge ari lesmana,14
mDw83aS4ALo,UgyHvZxMbGQvL9bZw_V4AaABAg,@Fishsound-c,Wtf gara2 adek gue tiap malem muter ni lagu jadi penasaran ğŸ˜‚,2025-05-16T15:07:15Z,0,wtf gara adek gue malem muter ni lagu penasaran,9
mDw83aS4ALo,Ugz8g5be8vnaCUlGd3N4AaABAg,@Masio_17Aththaariq,Dari 2019 gua dengerin semua lagu Fortwety gak pernah gagal semua enak dan bikin baperr,2025-05-16T14:53:35Z,0,gua dengerin lagu fortwety gak gagal enak bikin baperr,9
mDw83aS4ALo,UgwRzvLBamdgc0bcilt4AaABAg,@Jam8maret17,Lagu ini terinspirasi dari temannya Ari Lesmana yang setelah sekian lama menikah salah satu pindah agama,2025-05-16T14:17:56Z,1,lagu terinspirasi temannya ari lesmana sekian menikah salah pindah agama,10
mDw83aS4ALo,UgyEtmfJLYxRGmImoD94AaABAg,@aprisucipto4167,"teristimewa  buat orang yang sangat terkasih Dini Heri Astuti, kita punya cerita yang sama",2025-05-16T09:01:05Z,0,teristimewa orang terkasih heri astuti cerita,6
mDw83aS4ALo,Ugx_P83x0Se1XG41H2l4AaABAg,@gaulunited179,Teruntuk Baby Sartika...Maafkanlah aku dari hati yang terdalam atas semua kesalahan yang ku perbuat terhadap hati & raga-mu. [ Tasikmalaya 1997 ],2025-05-16T08:25:22Z,0,teruntuk baby sartikamaafkanlah hati terdalam kesalahan ku perbuat hati ragamu tasikmalaya,11
mDw83aS4ALo,UgwzzPGqONE7pGpGbrZ4AaABAg,@Ayu-j7c,gw kira awal nya fyp  lagu Noah yng diplesetin gitu reefnya ğŸ˜…,2025-05-16T07:48:32Z,1,gw nya fyp lagu noah yng diplesetin gitu reefnya,9
mDw83aS4ALo,UgxyR7tcxVhqyj6xmQN4AaABAg,@pandusatria458,Gara Gara TikTok akhirnya lagunya jadi tranding kembali. Jujur bagus juga sangat menyentuh hati ğŸ˜ŒğŸ˜ŒğŸ˜Œ,2025-05-16T06:41:19Z,0,gara gara tiktok lagunya tranding jujur bagus menyentuh hati,9
mDw83aS4ALo,Ugy1VlXVdRy5fvvMOvp4AaABAg,@bungamena,"Kita satu agama, menyembah Tuhan yang sama, tapi saat aku menadah tangan memohon doa, kau hanya memandang sepi. Saat aku tunduk sujud mengadu pada-Nya, kau berdiri tanpa rasa. Rasanya seperti aku mencintai seseorang dari agama yang berbeza  bukan kerana namamu lain, tapi kerana hatimu tidak menuju ke arah yang sama.",2025-05-16T04:48:30Z,5,agama menyembah tuhan menadah tangan memohon doa kau memandang sepi tunduk sujud mengadu kau berdiri mencintai agama berbeza kerana namamu kerana hatimu arah,23
mDw83aS4ALo,Ugw0Pw4W9JeZZ7sW1794AaABAg,@selvianas8580,Aku meraza tidak satu frekuensi lagi dengan bestie karena dia udh di jalan yg bbeda sementara diriku masih seperti ini nganggur,2025-05-16T02:52:04Z,0,meraza frekuensi bestie udh jalan yg bbeda diriku nganggur,9
mDw83aS4ALo,Ugyc8W3lgkQsSphbuBZ4AaABAg,@sailoorpluto,"""Kau menggenggam 
Kumenadahnya"" 

deep banget sih ini ğŸ¥²",2025-05-16T02:51:32Z,0,kau menggenggam kumenadahnya deep banget sih,6
mDw83aS4ALo,UgzeYGgg_2Co98ULcvl4AaABAg,@DindaZahwa-gi1dk,"aku titip pesanku disini yaaa..

selamat berkelana tuan, semoga bahagia selalu menyertaimu, jangan pernah menyerah dengan segala tujuanmu, jika kita berjodoh, semoga dipertemukan lagi di versi terbaik kita masingÂ², jika tidak dipertemukan kembali, semoga kita bisa mendapatkan pasangan yang terbaik menurut masingÂ²",2025-05-15T23:11:21Z,0,titip pesanku yaaa selamat berkelana tuan semoga bahagia menyertaimu menyerah tujuanmu berjodoh semoga dipertemukan versi terbaik dipertemukan semoga pasangan terbaik,20
mDw83aS4ALo,UgzXOhS8k7gD2AfHypZ4AaABAg,@dees2974,Charita Utami  suaranya magis bgt bikin merinding mantap banget ğŸ˜€,2025-05-15T19:48:51Z,0,charita utami suaranya magis bgt bikin merinding mantap banget,9
mDw83aS4ALo,UgzVMLm6gvaiHwKqcl54AaABAg,@diagoyulianda7528,Gila tak tak masuk logika termangu hatiku kau mengemgam ku mendahkannya 2:10 (dalam banget prasa nya ) secara bait gokil.... perbedaan agama  tapi karena hati mungkin bisa bersatu walau tapi  takakan masuk logika salut loe @arilesmana buat prasa bahasa yang  baik..â¤â¤,2025-05-15T18:03:53Z,1,gila masuk logika termangu hatiku kau mengemgam ku mendahkannya banget prasa nya bait gokil perbedaan agama hati bersatu takakan masuk logika salut loe prasa bahasa,25
mDw83aS4ALo,Ugxv84TfUqrECdFqfPF4AaABAg,@azizaziza8140,Ternyata lagu ini cocok buat ak yg beda agamağŸ˜…,2025-05-15T16:39:32Z,1,lagu cocok ak yg beda agama,6
mDw83aS4ALo,Ugwk-X-uuUJs_aK7SWB4AaABAg,@NuNing-i3i,"Aku memang mencintaimu 
Tapi tidak ingin kamu menghianati tuhanmu 
Dan orang tua mu
Walaupun sampai sekarang rasa cintaku untukmu masih ada,sampai bertemu dikehidupan selanjutnya #sampitkalimantantengah",2025-05-15T15:39:03Z,0,mencintaimu menghianati tuhanmu orang tua mu cintaku untukmu adasampai bertemu dikehidupan,11
mDw83aS4ALo,UgzWFeb1BkvG3d6I4XR4AaABAg,@Vnzyege,""" Agama-mu, agama-mu.....
Agama-ku, agama-ku.....

"" Kau boleh mencintai dia asalkan,
 kau tidak mengambil dia dari tuhannya.....",2025-05-15T15:25:20Z,1,agamamu agamamu agamaku agamaku kau mencintai kau mengambil tuhannya,9
mDw83aS4ALo,UgyqjeDw9GUZisO-JH14AaABAg,@gruptongkrongan,"Dari pertma lagu zona nyaman rilis sampe skrng masih setia dengerin lagu ari lesmana,sampe jaman dulu ari lesmana mau daptar audio tapi di tolak skrng jadi musisi indie yang suaranya sangatt berkesan bagaikan alam dan bumi yang saling menjiwa",2025-05-15T14:29:16Z,1,pertma lagu zona nyaman rilis sampe skrng setia dengerin lagu ari lesmanasampe jaman ari lesmana daptar audio tolak skrng musisi indie suaranya sangatt berkesan alam bumi menjiwa,27
mDw83aS4ALo,UgzoblJCac7DHWdbjGN4AaABAg,@REYVik-e6k,"Lagunya bagus mengisahkan anatara beda agama ğŸ˜¢ , gw kesini gara - gara tiktok",2025-05-15T14:10:09Z,0,lagunya bagus mengisahkan anatara beda agama gw kesini gara gara tiktok,11
mDw83aS4ALo,UgxOOse1aQ7a8RgQXFl4AaABAg,@Nonamesht,Team yang udh dengerin lagu ini pas baru rilis ğŸ‘‰ğŸ»,2025-05-15T13:50:25Z,0,team udh dengerin lagu pas rilis,6
mDw83aS4ALo,UgxWXWUiBBpogwsuZfF4AaABAg,@PujiLestari-fj9hl,"2025 baru tau lagu ini gara2 TiktokğŸ˜…
Padahal ini lagu 3th yg lalu ğŸ˜…",2025-05-15T13:28:19Z,0,tau lagu gara tiktok lagu th yg,7
mDw83aS4ALo,UgxJzOS6MO8hcN00EqB4AaABAg,@Boy-lh4zt,Denger lagu ini gara gara di IG lihat berita anak gajah tertabrak back sound nya lagu ini ğŸ¥²ğŸ¥²,2025-05-15T12:52:15Z,0,denger lagu gara gara ig lihat berita anak gajah tertabrak back sound nya lagu,14
mDw83aS4ALo,UgwDpuo27NLTMFTF0u14AaABAg,@Risdiansyah-t1v,"Gw belajar dari mangu, definisi cinta beda agama adalah,dia lelaki,atau pun perempuan,akan mengikuti orang yang di cintai nya,dan siap menanggung apapun resiko nya",2025-05-15T12:46:32Z,0,gw belajar mangu definisi cinta beda agama adalahdia lelakiatau perempuanakan mengikuti orang cintai nyadan menanggung apapun resiko nya,18
mDw83aS4ALo,UgxJAHzGOsnAjhINISx4AaABAg,@damiaachmad,Sebenarnya lebih sakit dari beda agama adalah seagama tapi beda do'anya ğŸ˜¢,2025-05-15T12:44:59Z,0,sakit beda agama seagama beda doanya,6
mDw83aS4ALo,Ugx0BGVZ8vyRg8H9pCd4AaABAg,@padiaputri9222,"Lah kirain lagunya baru rilis skrng, karna viral.. ternyata sudah 2 tahun yg lalu...ğŸ˜…",2025-05-15T12:35:19Z,0,kirain lagunya rilis skrng karna viral yg,7
mDw83aS4ALo,UgzI7Nluwv1sQ2XzkJl4AaABAg,@anggananta00,"Berat kalo sudah beda keyakinan, yang kau minta bukan mengkhianati keluarganya tapi mengkhianati Tuhannya",2025-05-15T12:24:18Z,0,berat kalo beda keyakinan kau mengkhianati keluarganya mengkhianati tuhannya,9
mDw83aS4ALo,Ugw9Ud3l5ANItEiWb454AaABAg,@artlang8301,Mangu tembus Top 11 chart Spotify global ğŸ™Œ.. Gilaaaa tak masuk logika ğŸ¤¯,2025-05-15T11:44:37Z,0,mangu tembus top chart spotify global gilaaaa masuk logika,9
mDw83aS4ALo,UgzZFZUYfyupl6S74cZ4AaABAg,@LendraningUgroseno,"Tuhan, harusnya pas kmren masi SMA dengerin ini..",2025-05-15T11:02:04Z,0,tuhan pas kmren masi sma dengerin,6
mDw83aS4ALo,UgznUp-2r8Tjn5Hj54Z4AaABAg,@tasmotasmo6149,Kenapa saya baru tau lagu ini dr status orang haha,2025-05-15T08:28:13Z,0,tau lagu dr status orang haha,6
mDw83aS4ALo,Ugz4b8ut9VQB1oYJbY94AaABAg,@xyzeaa-yh,"""kau menggenggam, ku menadahnya""
   -cinta zeaa",2025-05-15T07:52:55Z,1,kau menggenggam ku menadahnya cinta zeaa,6
mDw83aS4ALo,UgyPBUuOHTrmE-pktfF4AaABAg,@AldiSaputra-gw7ze,ngomong apsi si cowonya liriknya gjls,2025-05-15T05:49:06Z,0,ngomong apsi si cowonya liriknya gjls,6
mDw83aS4ALo,UgzB9BzBSWFonjCJrI54AaABAg,@yhennyvallent22,gak ada kaitan.. tapi nyesek banget pas nyanyiinğŸ˜­ğŸ˜­,2025-05-15T04:52:33Z,0,gak kaitan nyesek banget pas nyanyiin,6
mDw83aS4ALo,UgwTcEH9El8PcIk0DrZ4AaABAg,@daffahlevi,"6 Tahun belom bisa move on...

Sempek shock tiba2 denger sudah mau menikah.

Cinta gak harus memiliki. Semoga kamu bahagia dengan suami kamu yağŸ˜Š",2025-05-15T03:16:24Z,0,belom move sempek shock denger menikah cinta gak memiliki semoga bahagia suami ya,13
mDw83aS4ALo,UgyjKhKvB439rkMqwAt4AaABAg,@bettababangbali8758,kau di kp bulak aku di kp jati.. semoga kamu bahagia â¤â¤,2025-05-15T01:41:33Z,0,kau kp bulak kp jati semoga bahagia,7
mDw83aS4ALo,Ugy-niw3DgRbfFFf8e94AaABAg,@AuraCimoy,"sok""an stel mangu padahal yng beda bukan agamanya tpi perasaannyğŸ˜¢",2025-05-15T00:24:35Z,1,sokan stel mangu yng beda agamanya tpi perasaanny,8
mDw83aS4ALo,UgxpG9UonzRB8oVIYKV4AaABAg,@janwarhermawan943,Gara-gara Mas random mirip bgt ama vocalis band ini yg sing a song di warung baju sama manekinÂ² itu nya aku disini. ğŸ‰,2025-05-15T00:13:48Z,0,garagara mas random bgt ama vocalis band yg sing song warung baju manekin nya,14
mDw83aS4ALo,UgwkRw3wsr31PQbkhwx4AaABAg,@yusufthosawitto2926,"Kirain ini Lagu Baru Rilis, langsung viral di IG & Tiktok",2025-05-15T00:01:00Z,0,kirain lagu rilis langsung viral ig tiktok,7
mDw83aS4ALo,Ugwg4PKm1dQjnCQjJnB4AaABAg,@Redrigo-h2p3y,"gini ni kalo cuma penggemar indiie karbitan, tau kalo udah viral lagunya",2025-05-14T23:36:41Z,0,gini ni kalo penggemar indiie karbitan tau kalo udah viral lagunya,11
mDw83aS4ALo,Ugz_9FSzq3VDxfpGPaV4AaABAg,@johanrandi4040,Bisa saja ku ambil dia dari Tuhan nya. Tapi ku tak tega dia musuhi keluarga nya,2025-05-14T21:02:24Z,0,ku ambil tuhan nya ku tega musuhi keluarga nya,9
mDw83aS4ALo,UgyvSQEgZaTZ6zq5mJh4AaABAg,@danistriawan787,kesini gara2 liat covernya dewi persik. lebih enak aslinya ngena banget,2025-05-14T18:24:44Z,0,kesini gara liat covernya dewi persik enak aslinya ngena banget,10
mDw83aS4ALo,UgwN3Yp7s1sNXLUQiaN4AaABAg,@GunaGuna-c6u,Yg beda perasaan yang diputar beda keyakinan,2025-05-14T16:26:37Z,0,yg beda perasaan diputar beda keyakinan,6
mDw83aS4ALo,UgwGRpJGUcZ9udoD9gp4AaABAg,@byyou2527,Ku diIstiqlal kau diCaterdral ğŸ˜¢ğŸ˜¢ semoga kau bahagia selalu,2025-05-14T14:09:51Z,2,ku diistiqlal kau dicaterdral semoga kau bahagia,7
mDw83aS4ALo,UgzBHUmV5dsRTL_H5Md4AaABAg,@Kiki-g6g4c,"ya alloh pada fomo ya lo pada ,,apa2 kebelet viral",2025-05-14T14:05:31Z,1,ya alloh fomo ya lo kebelet viral,7
mDw83aS4ALo,Ugy_vCIBdbV4A11pdCt4AaABAg,@rebeccajohen7771,"Hadir 05/2025 âœ… Balik kj malam dgr lagu ni kat kereta, feel dia lain mcm â˜ºï¸",2025-05-14T13:52:49Z,1,hadir kj malam dgr lagu ni kat kereta feel mcm,10
mDw83aS4ALo,Ugw-vlrU7sDqn6eagRx4AaABAg,@RakaFirmansyah07,Sayang banget lagunya lagi hype pas fourtwnty hiatusğŸ¥¹,2025-05-14T13:39:01Z,0,sayang banget lagunya hype pas fourtwnty hiatus,7
mDw83aS4ALo,UgwvElo2GTj27WuJiE94AaABAg,@vinakondororik31,Kesini karena di tik tok fyp berandaku lagu ini,2025-05-14T13:23:41Z,1,kesini tik tok fyp berandaku lagu,6
mDw83aS4ALo,UgxXc5ODiYbHdkft-4t4AaABAg,@miyurry8062,"Scroll Keman aja selama 2 tahun lalu, sampai gak jumpa lagu sebagus ini ğŸ¥¹ norak beut gue",2025-05-14T12:07:24Z,0,scroll keman aja gak jumpa lagu sebagus norak beut gue,10
mDw83aS4ALo,UgxlZaaclCLN1HtbrkV4AaABAg,@henriahmad1338,3 tahun yg lalu tiap masuk cafe live music request lagu ini nggak ada yg tau ğŸ˜¢ğŸ˜¢ğŸ˜¢,2025-05-14T11:50:41Z,0,yg masuk cafe live music request lagu nggak yg tau,10
mDw83aS4ALo,Ugy02ZMfZdBxBTzjHmF4AaABAg,@DiahWidyawati-gm5lv,"Fourtwnty - Mangu

Suatu malam adam bercerita
Hawanya tak lagi di jalur yg sama
Bacaan dan doa yg mulai berbeda
Ego dan air mata kita bicara

Gila tak masuk logika
Termangu hatiku
Kau menggenggam 
Kumenadahnya

Berdamai dengan apa yg terjadi
Kunci dari semua masalah ini
Jujur tak mudah untuk melangkah pergi
Ini soal hati bukan yg diyakini

Gila tak masuk logika
Termangu hatiku
Kau menggenggam 
Kumenadahnya",2025-05-14T11:47:42Z,3,fourtwnty mangu malam adam bercerita hawanya jalur yg bacaan doa yg berbeda ego air mata bicara gila masuk logika termangu hatiku kau menggenggam kumenadahnya berdamai yg kunci jujur mudah melangkah pergi hati yg diyakini gila masuk logika termangu hatiku kau menggenggam kumenadahnya,42
mDw83aS4ALo,UgzUx8rnmIpmCOak8h94AaABAg,@AlvinoFarqah-wn6nt,Baru sadar ternyata lagu ini udha lama norak bgt gue anjir ğŸ˜‚,2025-05-14T11:24:52Z,1,sadar lagu udha norak bgt gue anjir,7
mDw83aS4ALo,Ugwrgt_jculeJOxnr4N4AaABAg,@achchannel2975,Di tempatku ad desa yg namany juga mangu,2025-05-14T10:19:05Z,0,tempatku ad desa yg namany mangu,6
mDw83aS4ALo,Ugyl5dJoQITCpHkDts94AaABAg,@fikrimardiansyah6358,"Bener"" Di pertanyakan bgt, setiap lagu yg ciptakan atau di upload di media sosial nya beberapa tahun yg lalu,, Tpi viral/trendnya baru skrng"".",2025-05-14T09:38:52Z,0,bener bgt lagu yg ciptakan upload media sosial nya yg tpi viraltrendnya skrng,13
mDw83aS4ALo,UgxeQLNBvKT6fuoF_ZN4AaABAg,@GernaldiGernaldi,lagu ini menggambarkan seseorang sehabis hujan menghayal masa - masa sulit dalam pekerjaan atau percintaan,2025-05-14T09:17:07Z,0,lagu menggambarkan sehabis hujan menghayal sulit pekerjaan percintaan,8
mDw83aS4ALo,Ugy3rBQ6r5EdXiPQv0p4AaABAg,@nurraga14official62,Kesini karena fyp berduka anak gajah laka yuuk kumpulğŸ˜”,2025-05-14T07:33:06Z,0,kesini fyp berduka anak gajah laka yuuk kumpul,8
mDw83aS4ALo,Ugz5LwS75pO6ZxxJjKt4AaABAg,@EvhaaOcthavhia,Udah 3 th yaa.. ku kira masih baru.. kenal garaÂ² rama batik & viral pasanğŸ˜‚ğŸ˜‚,2025-05-14T05:56:04Z,0,udah th yaa ku kenal gara rama batik viral pasan,10
mDw83aS4ALo,UgwLVtvFrsHl-HrhgfZ4AaABAg,@waineeos7856,Masya Allah pakai headset kabel bass enaaakkk bangettt,2025-05-14T05:12:35Z,0,masya allah pakai headset kabel bass enaaakkk bangettt,8
mDw83aS4ALo,UgwuJ79hfGA3pzh3fHB4AaABAg,@AriamanBatee,Knp ni lagu baru FYP skg sihh??,2025-05-14T04:15:12Z,0,knp ni lagu fyp skg sihh,6
mDw83aS4ALo,Ugy732uMzFOdjOyH60p4AaABAg,@nurulsarinih832,"""Jujur tak mudah untuk melangkah pergi, Ini soal hati bukan yg diyakini"" 

I wasnâ€™t expecting to fall deeper,â€¨yet somehow, you opened up my heartâ€”
the soul Iâ€™ve kept in silence for years,â€¨slowly drifting me away from my echoes.

Your love is warm and cozy,â€¨lighting up my world again.
â€¨But the further I go,â€¨the more I start to wonder:â€¨
am I enough for you?â€¨do I even deserve you?

Oh damn,â€¨I fall back into a cold slumber.

Day by day,â€¨moment by moment,â€¨youâ€™ve changed.

The way you actâ€¨is the answer to all my unspoken questions.

May you never find me againâ€”â€¨
the pure me.",2025-05-14T03:13:35Z,1,jujur mudah melangkah pergi hati yg diyakini wasnt expecting fall deeper yet somehow opened heart soul ive kept silence years slowly drifting away echoes love warm cozy lighting world go start wonder enough even deserve oh damn fall back cold slumber day day moment moment youve changed way act answer unspoken questions may never find pure,56
mDw83aS4ALo,UgyZSJM_qSqx34z5ZyF4AaABAg,@jehan-b6y,LAGU BOSANN ALAY JAMET LUCU LAWAK SEDIH,2025-05-14T03:07:23Z,0,lagu bosann alay jamet lucu lawak sedih,7
mDw83aS4ALo,UgyK8F4HkXO5ZWWKbIl4AaABAg,@ahmadgilangsaputra5951,lagu seperti kisahku bukan karna beda agama tadi karna tak sejalan dengan apa yang sudah di rencanakanâ˜ºï¸,2025-05-14T02:44:29Z,0,lagu kisahku karna beda agama karna sejalan rencanakan,8
mDw83aS4ALo,Ugwf4LmZqmVbQ43PfiR4AaABAg,@Greenstreet-j1z,"Kanapa baru viral sekarang ya , padahal dah lama gua dengerin nya ğŸ˜‚",2025-05-14T02:31:01Z,1,kanapa viral ya dah gua dengerin nya,7
mDw83aS4ALo,Ugz-NsGl3pUCMKTJT4l4AaABAg,@AeniiAnggraenii,Tim yang dengerin lagu ini karna habis denger Dewi kdrt juga lagu iniğŸ™ğŸ˜Œ,2025-05-14T02:22:28Z,0,tim dengerin lagu karna habis denger dewi kdrt lagu,9
mDw83aS4ALo,Ugz_-i3lOwPBE8em0-B4AaABAg,@NovalKece-l4y,Ini lagu tentang orang yang saling mencintai tapi beda agama yağŸ˜¢,2025-05-14T02:01:13Z,0,lagu orang mencintai beda agama ya,6
mDw83aS4ALo,Ugzvv9IAZwRNVrs8j3V4AaABAg,@just-todd1682,"**Untuk Kamu, yang Aku Cintai Tapi Tak Bisa Aku Miliki**

Kita pernah bermimpi, bukan? Tentang masa depan, rumah kecil, pagi-pagi dengan kopi dan obrolan ringan, tentang menua bersama. Tapi kenyataan ternyata tak seindah harapan.

Kita tumbuh di dua dunia yang berbeda â€” dunia yang mengajarkan kita untuk percaya, tapi juga memisahkan kita karena kepercayaan itu sendiri.

Kamu nggak salah. Aku juga nggak salah. Kita cuma lahir di jalan yang berbeda, dan meskipun cinta kita kuat, ternyata tak cukup kuat untuk melawan tembok yang dibangun oleh aturan, tradisi, dan keyakinan yang telah ada jauh sebelum kita saling mengenal.

Sakit, ya? Menyadari bahwa meski hati kita saling memilih, dunia tetap berkata ""tidak."" Bahwa kamu dan aku harus melepaskan sesuatu yang begitu dalam, bukan karena tak cinta, tapi justru karena terlalu cinta, tapi tak bisa memaksa.

Mungkin nanti, di kehidupan yang lain â€” kalau ada â€” kita bisa jatuh cinta lagi tanpa harus takut akan perbedaan. Tanpa harus merasa bersalah karena mencintai seseorang yang â€˜tak seimanâ€™.

Untuk sekarang, aku pamit. Bukan karena aku berhenti mencintaimu, tapi karena aku belajar mencintaimu dengan cara melepaskan.

Terima kasih sudah datang, dan maaf karena kita tak bisa sampai tujuan bersama.

Selamat tinggal, kamu yang pernah jadi segalanya.

â€” Aku

---

Kalau kamu mau versi yang lebih pendek, lebih personal, atau ingin ditambahkan pengalaman pribadi kalian, aku bisa bantu menyesuaikannya. Mau?
entu, berikut ini note sedih tentang pasangan yang harus berpisah karena perbedaan agama â€” tema yang sangat berat dan menyakitkan bagi banyak orang:",2025-05-14T01:08:43Z,0,cintai miliki bermimpi rumah pagipagi kopi obrolan ringan menua kenyataan seindah harapan tumbuh dunia berbeda dunia mengajarkan percaya memisahkan kepercayaan nggak salah nggak salah lahir jalan berbeda cinta kuat kuat melawan tembok dibangun aturan tradisi keyakinan mengenal sakit ya menyadari hati memilih dunia melepaskan cinta cinta memaksa kehidupan jatuh cinta takut perbedaan bersalah mencintai seiman pamit berhenti mencintaimu belajar mencintaimu melepaskan terima kasih maaf tujuan selamat tinggal versi pendek personal pengalaman pribadi bantu menyesuaikannya entu note sedih pasangan berpisah perbedaan agama tema berat menyakitkan orang,85
mDw83aS4ALo,Ugw410KeI0MYHIuLTYd4AaABAg,@VARNABLACK,"Gini amat yaa kalok hobi gak di dukung ortu sampe"" dia bilang ke kita buat jangan sekolah lagi demi GK main hobi itu padahal ğŸ˜­ğŸ˜­ğŸ˜­ğŸ˜­ğŸ˜­ğŸ˜­ğŸ˜­ğŸ˜­",2025-05-14T01:07:00Z,0,gini yaa kalok hobi gak dukung ortu sampe bilang sekolah gk main hobi,13
mDw83aS4ALo,Ugz8ssXuf_rN7auRQy14AaABAg,@iirnurifah4896,"Dalem banget, ga punya pengalaman cinta beda agama tapi lagu ini nyentuh bgt",2025-05-14T00:12:51Z,0,dalem banget ga pengalaman cinta beda agama lagu nyentuh bgt,10
mDw83aS4ALo,Ugz8LYwbEVDZz897A2N4AaABAg,@sudiono4382,"ini akun ayah, tapi lewat akun ini aku mau menyampaikan sesuatu boleh ya?
hai mangu! suatu kebetulan lagu keren ini mengiringi kisah pilu ini, maksudnya ini mangu versiku ceritaku yang entah punya keberanian dari mana be his important person who have different beliefs with this self, tolong kasih ujung yang indah sekalipun itu adalah perpisahan, berikan keluasan hati pada kami dan kuncinya biarkan kata ikhlas kami cerna dengan baik dan seksama dari cerita ini. thanks for make me feel loved, and sorry cs always hurts ur heart. aiiiiiii kamu bagian dari ceritaku.",2025-05-13T18:08:17Z,10,akun ayah akun ya hai mangu lagu keren mengiringi kisah pilu maksudnya mangu versiku ceritaku keberanian important person different beliefs self tolong kasih ujung indah perpisahan keluasan hati kuncinya biarkan ikhlas cerna seksama cerita thanks make feel loved sorry cs always hurts ur heart aiiiiiii ceritaku,46
mDw83aS4ALo,UgylIu5Fz07ChvfUakl4AaABAg,@kokomkomariyah3512,"Kemana aja aku,baru tau lagu seenak ini..ğŸ˜­",2025-05-13T14:15:27Z,0,kemana aja akubaru tau lagu seenak,6
mDw83aS4ALo,UgxCW7dAu1wgKMhRzDB4AaABAg,@nounara2604,"Ya ampun lagu 3thn lalu...
Viral d 2025... selamat..",2025-05-13T13:25:50Z,0,ya ampun lagu thn viral selamat,6
mDw83aS4ALo,UgzZp73dScsI09tg1BV4AaABAg,@bayusetiaramadhani571,"aku menyimpan seseorang di lagu Mangu bukan karena beda agama, namun beda perasaan.",2025-05-13T12:55:27Z,0,menyimpan lagu mangu beda agama beda perasaan,7
mDw83aS4ALo,UgzxyjLwmb28donOFXd4AaABAg,@tiyochanel,Saat ini istri saya menggugat cerai setelah 1thn kita pisah tgl 19 mei nanti udah persidangan cerai saya ikhlas kalau itu membuat dia bahagia walau hati saya sakit,2025-05-13T12:02:48Z,0,istri menggugat cerai thn pisah tgl mei udah persidangan cerai ikhlas bahagia hati sakit,14
mDw83aS4ALo,UgyL_XsyhQeNI-FLrIB4AaABAg,@DeniTriHartati,satu lagu namun memiliki banyak arti yang mendalam tergantung kita menafsirkannya..,2025-05-13T11:16:33Z,0,lagu memiliki arti mendalam tergantung menafsirkannya,6
mDw83aS4ALo,UgwbRX3MDoIWQqnWklV4AaABAg,@bolmeong5,"Selamat berlayar dengan kapal baru mu 
Semoga kapal yang kamu tumpangi bisa membawa kesuatu tempat yang indah ( pernikahan ) 
Selamat berlayar , dan selamat tinggal â¤",2025-05-13T11:08:51Z,1,selamat berlayar kapal mu semoga kapal tumpangi membawa kesuatu indah pernikahan selamat berlayar selamat tinggal,15
mDw83aS4ALo,UgxCrnSsoEKW9Ms2PEh4AaABAg,@AdamFirdaus-i7g,Kesini karna ibu gajah yg ditinggal sama anaknya selamanya.,2025-05-13T10:30:52Z,0,kesini karna gajah yg ditinggal anaknya,6
mDw83aS4ALo,Ugwv64Ve3tYdyfvRXaB4AaABAg,@mitarizkiyah8968,"Dari jamannya SMK , emang lagu nya fourtwnty gak ada yang gagal â˜ºï¸â˜ºï¸",2025-05-13T09:14:11Z,2,jamannya smk emang lagu nya fourtwnty gak gagal,8
mDw83aS4ALo,UgzLWZCaR633LQifpa54AaABAg,@story.brokme,"Aku mendengar lagu ini bukan hanya soal perbedaan agama, perbedaan perasaan. Tapi aku mendengar dengan banyak penyesalan dan keluhan. Kenapa aku jatuh dijalan yang tidak ku inginkan. Kehancuran keluarga memang sangat menyakitkan, apalagi ditelantarkan oleh orang tua, padahal aku perempuan. Sudah kuusahakan banyak hal, ternyata aku hanya terjebak ditempat yang gelap. Hidup gelap dan suram yang kurasakan.",2025-05-13T09:13:46Z,2,mendengar lagu perbedaan agama perbedaan perasaan mendengar penyesalan keluhan jatuh dijalan ku kehancuran keluarga menyakitkan ditelantarkan orang tua perempuan kuusahakan terjebak ditempat gelap hidup gelap suram kurasakan,27
mDw83aS4ALo,UgyfzCsnNC9N7chezAR4AaABAg,@NurAkmalnj5n,Tentang cinta luar biasa tapi hatinya kadang gelisah tungguin IBADAH,2025-05-13T08:34:45Z,0,cinta hatinya kadang gelisah tungguin ibadah,6
mDw83aS4ALo,Ugz-h4w1WFNF1H3XzeR4AaABAg,@RahmaYashinta,"halo aku mau nitip komentar disini 
aku sedang memperjuangkan seseorang, entah sampai mana aku mampu, semoga tuhan memantapkan langkah ini 
aku akan kembali ketika aku sudah mendapatkannya atau ketika aku sudah menyerah 

malang,13 mei 2025",2025-05-13T07:49:33Z,22,halo nitip komentar memperjuangkan semoga tuhan memantapkan langkah mendapatkannya menyerah malang mei,12
mDw83aS4ALo,UgzPWJwJZbhTgR8-YTd4AaABAg,@onedapalu2355,Heran dengan dia yg sok sok an sakit hati tapi nyatanya realita nya dia,2025-05-13T07:48:11Z,0,heran yg sok sok sakit hati realita nya,8
mDw83aS4ALo,Ugyouob2zRyNlbTosKF4AaABAg,@thewhitetorres4721,"sok"" an dengar ini...padahal yg beda hartanya bukan agamanyağŸ˜Œ",2025-05-13T03:55:44Z,1,sok dengar inipadahal yg beda hartanya agamanya,7
mDw83aS4ALo,Ugxsg58Ll8mcUc3qEuB4AaABAg,@basunianakrantau,Gara titok jadi kesini merinding denger nya 13/5/2025,2025-05-13T03:36:44Z,0,gara titok kesini merinding denger nya,6
mDw83aS4ALo,UgzFI6FGb07vXASGKE94AaABAg,@imanunderbone,kesini gara gara viral di IG dan tiktok,2025-05-13T02:51:37Z,1,kesini gara gara viral ig tiktok,6
mDw83aS4ALo,Ugxp5usMw_ii6o-4nMV4AaABAg,@BapauUyut,7thn bayangin dia memilih Nikah Dengan laki laki lainğŸ˜¢,2025-05-12T21:40:56Z,0,thn bayangin memilih nikah laki laki,6
mDw83aS4ALo,Ugzd35v0mqeR14gSKkx4AaABAg,@reeyyzzt.,"SOK""AN NGEDENGERIN LAGU MANGU ,PADAHAL YANG BEDA HATINYA BUKAN AGAMANYA HEHEğŸ¥²ğŸ¥²ğŸ¥²ğŸ¥²ğŸ¥²",2025-05-12T20:49:26Z,0,sokan ngedengerin lagu mangu beda hatinya agamanya hehe,8
mDw83aS4ALo,UgxJA26tvZiVfduXygF4AaABAg,@AfalHidayat-h3z,"Melepaskan seorang yang sangat baik hanya untuk seorang yg sering menimbulkan luka. Ini adalah kesialan ku, ini adalah penyesalan sepanjang hidupku. Bandung,06mei23",2025-05-12T18:48:35Z,0,melepaskan yg menimbulkan luka kesialan ku penyesalan hidupku bandungmei,9
mDw83aS4ALo,UgxoPTxG696wudDHyU54AaABAg,@AfalHidayat-h3z,"Melepaskan seorang yang sangat baik hanya untuk seorang yg sering menimbulkan luka. Ini adalah kesialan ku, ini adalah penyesalan sepanjang hidupku. Bandung,06mei23",2025-05-12T18:48:26Z,0,melepaskan yg menimbulkan luka kesialan ku penyesalan hidupku bandungmei,9
mDw83aS4ALo,Ugzxn2qAvIu9CbjGneV4AaABAg,@AfalHidayat-h3z,"Melepaskan seorang yang sangat baik hanya untuk seorang yg sering menimbulkan luka. Ini adalah kesialan ku, ini adalah penyesalan sepanjang hidupku. Bandung,06mei23",2025-05-12T18:47:50Z,1,melepaskan yg menimbulkan luka kesialan ku penyesalan hidupku bandungmei,9
mDw83aS4ALo,Ugy3e30iG1_GmzFolPR4AaABAg,@kazekaraoke,"Level tertinggi dalam mencintai adalah mengikhlaskan, dan level berbohong tertinggi adalah kalimat tersebut.",2025-05-12T18:22:22Z,1,level tertinggi mencintai mengikhlaskan level berbohong tertinggi kalimat,8
mDw83aS4ALo,Ugy4mRlNR1YN0JSYGN94AaABAg,@mzidan2985,Gilaaaaaaaa.. tiap hari denger musik. Baru tau ada lagu sekeren ini. Kena bgt apa yg lagi di hadapi skrg.,2025-05-12T18:07:33Z,0,gilaaaaaaaa denger musik tau lagu sekeren kena bgt yg hadapi skrg,11
mDw83aS4ALo,UgySVFADiQZ7wNANCuZ4AaABAg,@ranggasetiadi-q6s,"Buat kamu semoga bahagia ya (GS) ğŸ˜ŠğŸ˜Š
Semoga nggak dibaca",2025-05-12T18:07:16Z,0,semoga bahagia ya gs semoga nggak dibaca,7
mDw83aS4ALo,Ugxege6AXjD7ylb1mMN4AaABAg,@wanjulid9050,Semoga kita bertemu di versi terbaik kita ya sasa,2025-05-12T15:19:08Z,0,semoga bertemu versi terbaik ya sasa,6
mDw83aS4ALo,UgzE2aRZWOOyN7waIUF4AaABAg,@habib-al-aziz,Mundur alon2 aja buat yg beda agama. It rarely works,2025-05-12T13:21:33Z,0,mundur alon aja yg beda agama rarely works,8
mDw83aS4ALo,UgxF2eu7jpbfSnBQGyd4AaABAg,@Myname_Tii,"Aku cukup mengagumi mu saja ya, dan menikmati moment bersama mu.
Terima kasih Tuhan, setidak nya aku sempat merasakan rasa suka ini yang nggak hanya sepihak.
Setidak nya hati ku yang pernah kosong ini bisa merasakan rasa suka yang nyata",2025-05-12T12:55:47Z,0,mengagumi mu ya menikmati moment mu terima kasih tuhan setidak nya merasakan suka nggak setidak nya hati ku kosong merasakan suka nyata,22
mDw83aS4ALo,UgzxubLsxs_ERNfg0SR4AaABAg,@nadhrahnuriman,yang disini bukan kerana tiktok tapi kerana emg udah jadi peminat fourtwnty sejak dini ğŸ™‹ğŸ»â€â™€ï¸ğŸ™‹ğŸ»â€â™€ï¸ğŸ™‹ğŸ»â€â™€ï¸ğŸ™‹ğŸ»â€â™€ï¸,2025-05-12T12:32:59Z,2,kerana tiktok kerana emg udah peminat fourtwnty,7
mDw83aS4ALo,UgzWdlseGGPaQ-XGU9V4AaABAg,@ranyusuf2545,"Salah satu grup band yang setiap lagu nya harus di dengerin pake hati , kalau ga pasti ketinggalan 3 tahun",2025-05-12T10:35:47Z,0,salah grup band lagu nya dengerin pake hati ga ketinggalan,10
mDw83aS4ALo,UgxpAh7KDW40I07z-oF4AaABAg,@FakihFirdaus-k9l,Galau zaman sekarang susahnya cari duit.. anak mau jajan ga ada uang itulah galau yg sesungguhnya,2025-05-12T07:08:22Z,0,galau zaman susahnya cari duit anak jajan ga uang galau yg sesungguhnya,12
mDw83aS4ALo,UgxalVlBh4BCMToOf7Z4AaABAg,@rivaldigunawan-n2d,"Restu tersulit adalah restu agama., antara shalat 5 waktu dan gereja di hari minggu",2025-05-12T07:04:03Z,0,restu tersulit restu agama shalat gereja minggu,7
