video_id,comment_id,author_display_name,text,published_at,like_count,clean_text,word_count,sentiment
JENpTmMQBQY,UgxaHV4m2qD2WPcQOyF4AaABAg,@dadenw.f8113,"Aku muslim dia non muslim tp setelah kurang lebih 3 tahun pacaran akhirnya dia mualaf mengikuti keyakinan ku..
Dan pada hari yg sakral di hari pernikahan kami Dia tertabrak dan meninggalkan sy selamanya.....!!
Gila hari itu gila tak masuk logika gila keadaan gila gila
Termangu hatiku tertegun jiwaku..
Hey yg udah di surga apa kabar ??",2025-05-18T04:49:48Z,0,muslim non muslim tp pacaran mualaf mengikuti keyakinan ku yg sakral pernikahan tertabrak meninggalkan sy gila gila masuk logika gila gila gila termangu hatiku tertegun jiwaku hey yg udah surga kabar,31,negative
JENpTmMQBQY,UgyaP7IuGiEGitzZsNl4AaABAg,@evansalparis9420,"Aku muslim, dia kristen kenal pas do'i masih smp kelas 8, kupikir akan selesai hanya dengan hitungan bulan..ternyata? Bertahan hanya 2th sajağŸ˜Š",2025-05-18T04:19:48Z,0,muslim kristen kenal pas doi smp kelas kupikir selesai hitungan bulanternyata bertahan th,13,positive
JENpTmMQBQY,UgwkMfPMz-e7Lz327l94AaABAg,@serbaserbi00,Bagi ku ini bukan hanya tentang perbedaan agama. Tetapi mencintai dengan cara yang berbeda dan banyak nya hambatan yang terjadi. Sehingga seperti tak kan mungkin. Terlebih ditentang oleh semua pihak,2025-05-18T04:01:09Z,0,ku perbedaan agama mencintai berbeda nya hambatan ditentang,8,negative
JENpTmMQBQY,Ugya5gJYfB7OuIGZ2VF4AaABAg,@Raalopes,"Masyaallah..sudah 10tahun pernikahanku,
Bertahun2 dengar lalu fourtwnty dimobil kita,baru tahu maksud arti lagu ini. dan kita selalu mendengarkannya setiap kita berpergian..
11thn lalu,Satu bulan kenal sudah tahu kalau suamiku adalah protestan,namun dia meyakinkan kalau memang kita berjodoh allah kita akan menyatukan.Namun kalau tidak bersiaplah menerima ketentuannya.
Alhamdulillah sudah 10tahun kita menjalanin pernikahan ini dan sudah mendapatkan anak yg soleh dan soleha.â¤",2025-05-18T03:27:14Z,1,masyaallahsudah pernikahanku bertahun dengar fourtwnty dimobil kitabaru maksud arti lagu mendengarkannya berpergian thn lalusatu kenal suamiku protestannamun berjodoh allah menyatukannamun bersiaplah menerima ketentuannya alhamdulillah menjalanin pernikahan anak yg soleh soleha,30,positive
JENpTmMQBQY,UgzbPTze8nOAFacIOpN4AaABAg,@Raalopes,"Masyaallah..sudah 10tahun pernikahanku,
Bertahun2 dengar lalu fourtwnty dimobil kita,baru tahu maksud arti lagu ini. dan kita selalu mendengarkannya setiap kita berpergian..
11thn lalu,Satu bulan kenal sudah tahu kalau suamiku adalah protestan,namun dia meyakinkan kalau memang kita berjodoh allah kita akan menyatukan.Namun kalau tidak bersiaplah menerima ketentuannya.
Alhamdulillah sudah 10tahun kita menjalanin pernikahan ini dan sudah mendapatkan anak yg soleh dan soleha.â¤",2025-05-18T03:26:12Z,1,masyaallahsudah pernikahanku bertahun dengar fourtwnty dimobil kitabaru maksud arti lagu mendengarkannya berpergian thn lalusatu kenal suamiku protestannamun berjodoh allah menyatukannamun bersiaplah menerima ketentuannya alhamdulillah menjalanin pernikahan anak yg soleh soleha,30,positive
JENpTmMQBQY,UgwSKn1UfxFhxpZ-LQJ4AaABAg,@metamaysella6098,Dulu sy katholik dia islam 7taun kenal sehingga sy putuskan untuk mualaf.. tp sy pikir sama saja yang kita sembah tetap satu tujuan  hanya  beda saja cara kita berdoa . Asalkan kita tetap jadi orang baik dan slalu ingat pada sang pencipta,2025-05-18T03:16:39Z,1,sy katholik islam taun kenal sy putuskan mualaf tp sy pikir sembah tujuan beda berdoa orang slalu sang pencipta,19,negative
JENpTmMQBQY,Ugzmhc0APZvR9nycqDl4AaABAg,@wackyadhie,"Air mata mengembang, jadi inget masa lalu saya dan istri, alhamdulilah semua kembali ke jalanNya, walaupun berliku",2025-05-18T03:09:30Z,1,air mata mengembang inget istri alhamdulilah jalannya berliku,8,positive
JENpTmMQBQY,UgzDvQPLnjNA1Qtrn5Z4AaABAg,@RiskiYusuf-u7u4z,"Aku islam,pacarku kristen protestan sekian lama bersama akhirnya kmi memutuskan hubungan krna emg hubungan ini tidak ada tujuannya,dia sebenarnya mau masuk islam tapi demi aku,bukan krna dari hati sendiri,dan aku jg berfikir kalo pun dia masuk islam pasti dia bakal di asingkan oleh keluarga dia sendiri,hingga akhirnya aku meyakini dia kalau emg kami berjodoh pasti di masa depan bakalan di pertemukan lagi,dan kalaupun belum jodoh pasti dapat pengganti yg lebih baikâ¤",2025-05-18T02:43:43Z,1,islampacarku kristen protestan sekian kmi memutuskan hubungan krna emg hubungan tujuannyadia masuk islam akubukan krna hati sendiridan jg berfikir kalo masuk islam asingkan keluarga sendirihingga emg berjodoh pertemukan lagidan jodoh pengganti yg,32,negative
JENpTmMQBQY,UgzqCxeLCj95XRYECrt4AaABAg,@iftabnhamid,"Capek bgt denger lagu ini, berat buat mencerna maknanya, nyeseekkk...",2025-05-18T02:36:33Z,1,capek bgt denger lagu berat mencerna maknanya nyeseekkk,8,negative
JENpTmMQBQY,UgxREtdKSHJE_xaZYkB4AaABAg,@TiminAtmoWiyono,Ini cerita ttg keluarga bisa/ pasangan bisa yang 1 agama. Tp justru dipertengahan perjalanan salah 1 pindah agama menurut gw..,2025-05-18T02:29:38Z,2,cerita ttg keluarga pasangan agama tp dipertengahan perjalanan salah pindah agama gw,12,negative
JENpTmMQBQY,UgwZCp7M4R8SPvXqhyF4AaABAg,@saifullahsuhaimi3955,kenapa ye indonesia suka kahwin beza agama?ğŸ¤”,2025-05-18T02:25:06Z,1,ye indonesia suka kahwin beza agama,6,positive
JENpTmMQBQY,UgzZBeQCdqzILNZdFtB4AaABAg,@sekaniamailia5580,Doain aku keterima kerja ya wan kawan,2025-05-18T02:19:48Z,0,doain keterima kerja ya wan kawan,6,neutral
JENpTmMQBQY,UgyMTq9QHdUf-TF1UoZ4AaABAg,@urangbarabai6117,Mengingatkan saya akan kesedihan induk gajah yg anaknya tertabrak roli ğŸ˜¢ğŸ˜¢,2025-05-18T02:07:37Z,0,kesedihan induk gajah yg anaknya tertabrak roli,7,negative
JENpTmMQBQY,UgzQ7OViZXugr6rga-R4AaABAg,@davidchandra3179,Gara2 siapa yang tu siapa yang cinta pada nabinya. Gua tau lagu ini,2025-05-18T01:42:31Z,0,gara tu cinta nabinya gua tau lagu,7,positive
JENpTmMQBQY,Ugz3DaucVAI_cO_zfx54AaABAg,@KUMAHADE,"dlu aku muslim, ketemu sama cewe non muslim, ahirnya aku pacaran n pindah agama ikut dia, demi cintaku paadanya, n demi ikut tuhan yesus juga",2025-05-18T01:27:47Z,0,dlu muslim ketemu cewe non muslim ahirnya pacaran n pindah agama cintaku paadanya n tuhan yesus,16,negative
JENpTmMQBQY,UgyDPPX377bF5rkZ1mZ4AaABAg,@sahabatkucingkampungku4769,Dulu kami pacaran 5 tahun dg beda keyakinan..dan kami sama2 kuat dalam keyakinan. Dan terakhir kami memilih berpisah dg baik2...setelah 2 tahun kami semua sudah memiliki keluarga masing2...dan ternyata si cewek malah sudah mualaf dan nikah sama pria muslim selain akuğŸ˜¢... Susah tapi inilah Takdir hidup.semua sudah di gariskan,2025-05-18T00:58:31Z,0,pacaran dg beda keyakinandan kuat keyakinan memilih berpisah dg baiksetelah memiliki keluarga masingdan si cewek mualaf nikah pria muslim susah takdir hidupsemua gariskan,23,negative
JENpTmMQBQY,UgxMHFLLvM6xSjZR0O94AaABAg,@wahyuandi2957,Seperti merakit bom waktu...bisa d jinak kan atau akan meledak pada waktu nya.,2025-05-17T23:52:27Z,1,merakit bom waktubisa jinak meledak nya,6,neutral
JENpTmMQBQY,UgwwGdaoKLqJdLlngGB4AaABAg,@arisadi87,"Cerita lagunya persis tetangga sebelah rumah gw, dia cewek muslim nikah sama cowok non muslim,saat menikah si cowok mualaf tapi setelah bertahun2 menikah (anak pertama aja udah lulus kuliah) suaminya balik lagi ke agama asal dia,krn si cewek muslim taat akhirnya memilih untuk bercerai,tp mereka tetep berhubungan baik ga ada permusuhan.",2025-05-17T23:48:49Z,0,cerita lagunya persis tetangga sebelah rumah gw cewek muslim nikah cowok non muslimsaat menikah si cowok mualaf bertahun menikah anak aja udah lulus kuliah suaminya agama diakrn si cewek muslim taat memilih berceraitp tetep berhubungan ga permusuhan,37,neutral
JENpTmMQBQY,UgyWfr8VAeu1L_i711l4AaABAg,@prawotosyuhada2967,Tdnya gak tau lagu ini  garaÂ² disiksa DP.. Jd nengok kesini..,2025-05-17T23:14:27Z,0,tdnya gak tau lagu gara disiksa dp jd nengok kesini,10,negative
JENpTmMQBQY,UgztQWrMYYsV1ZG8cfl4AaABAg,@iskandarfurkan2745,"udah sangat jelas sih di deskripsi tentang pesan musik ini. tapi malah orang banyak berpendapat musik ini arti nya beda agama ğŸ¤£ ya emang karena ada satu lirik iconic tentang agama yaitu menggenggam dan menadah. tapi, kalian semua tahu awal"" lirik sudah bahas adam dan hawa yang awal nya mereka di ciptakan tuhan sebagai pasangan? tapi hawa nya udah jalur berbeda. lirik pertama ini sangat jelas sekali membahas konflik internal dalam berumah tangga karena berbeda pendapat. utk lirik selanjut nya sampai termangu itu memiliki arti yang dalam sekali yaitu perceraian. dan indonesia saat ini banyak kasus perceraian dan yang memulai nya pun kebanyakan perempuan yg menceraikan. utk validasi nya tinggal tunggu dari bg ari lesmana langsung sih ğŸ¤­",2025-05-17T22:09:38Z,0,udah sih deskripsi pesan musik orang berpendapat musik arti nya beda agama ya emang lirik iconic agama menggenggam menadah lirik bahas adam hawa nya ciptakan tuhan pasangan hawa nya udah jalur berbeda lirik membahas konflik internal berumah tangga berbeda pendapat utk lirik selanjut nya termangu memiliki arti perceraian indonesia perceraian nya kebanyakan perempuan yg menceraikan utk validasi nya tinggal tunggu bg ari lesmana langsung sih,65,negative
JENpTmMQBQY,UgynKnsA5vUIbRba8Fh4AaABAg,@orangbiasa6067,"Gila sih ini laguiuuu ... 
Dalam dan nyata kayanya ... 
Lirik dan logika nya bener bener kebaca , wajar  dan keren klo viral juga , cocok terdapat untuk masyarakat indonesia y mayoritas toleransi agaman nya y sangat kenal , bnyak hati y terkena lagu ini",2025-05-17T21:12:30Z,0,gila sih laguiuuu nyata kayanya lirik logika nya bener bener kebaca wajar keren klo viral cocok masyarakat indonesia mayoritas toleransi agaman nya kenal bnyak hati terkena lagu,27,positive
JENpTmMQBQY,UgzdYOe5m4pUBAakGoZ4AaABAg,@m.wahyusaputra8391,"Agak kesel dikit fourtwnty dibilang one hit singer gra2 banyak yg baru tau lewat lagu mangu.
Lagu zona nyaman ditonton 150 jt x",2025-05-17T20:52:40Z,0,kesel dikit fourtwnty dibilang one hit singer gra yg tau lagu mangu lagu zona nyaman ditonton jt x,18,positive
JENpTmMQBQY,Ugyrg7z_Jq0vavSmEId4AaABAg,@maulanayulianto1897,"Subhanalloh. Lirik + sepenggal kisah yg menyentuh dimari ğŸ‘ğŸ‘ btw, vocal cwenya candu",2025-05-17T19:25:26Z,0,subhanalloh lirik sepenggal kisah yg menyentuh dimari btw vocal cwenya candu,11,positive
JENpTmMQBQY,UgyGO-6KZMC2PtiVnVh4AaABAg,@RaffaRatu-u7l,"karya yg luar biasa,walaupun saya tidak mengalami tp saya merasakan nyawa dalam lagu ini",2025-05-17T19:03:33Z,0,karya yg biasawalaupun mengalami tp merasakan nyawa lagu,8,neutral
JENpTmMQBQY,UgyZ2scITi6kgGB_jdh4AaABAg,@RizzalRamadan,"Jalan hidupp tidak selalu sesuai ekspektasi. Sulit,  tetapi demi kebahagiaannya dan dari pada menyakitinya di kemudian hari, lebih baik ambil jalan Masing-masing ğŸ¥º Tks (T)",2025-05-17T18:40:54Z,0,jalan hidupp sesuai ekspektasi sulit kebahagiaannya menyakitinya ambil jalan masingmasing tks,11,negative
JENpTmMQBQY,Ugy4Jg1eCIPxR_vDDup4AaABAg,@BudiPras-z9t,"Jika lagu bs mengubah moddmu,insya Allah Al-Qur'an bs mngubah hidupmu",2025-05-17T18:40:35Z,0,lagu bs mengubah moddmuinsya allah alquran bs mngubah hidupmu,9,positive
JENpTmMQBQY,UgykIOVWvlmQUi9vfRZ4AaABAg,@khairultamimi90,"Fikiran lagu ini lahir saat si laki laki merenung, sadar bahwa sudah banyak perubahan yang terjadi; kebiasaan, kebersamaan, keakraban, keharmonisan
Perubahan itu datang karna waktu yang berjalan yang membawa si perempuan ke aktifitas, lingkungan, dan fokus yang baru, seketika menimbulkan perubahan perubahan drastis.
Di titik dimana laki laki itu merasa sudah mengorbankan banyak hal lain untuk hidupnya, hanya fokus ke perempuan itu, tapi perempuan itu justru pelan pelan berubah akibat hal baru yang dia dapat bukan dari laki laki itu (karir baru, lingkungan pendidikan yang baru, atau lainnya), perempuan itu akhirnya punya pandangan yang berbeda tentang hubungan, hidup, ada fokus lain, fokus itu bukan tertuju ke laki laki itu.

Kau menggenggam ku : laki laki itu merasa tergenggam oleh si perempuan, ingin pergi tapi tidak bisa, seakan akan perempuan itu sudah menggenggamnya

Ku menadahnya : di sisi lain laki laki itu seperti juga ingin meminta untuk semua suasana dulu bisa kembali, agar perempuan itu tidak lari terlalu jauh akibat tujuan tujuan baru itu.

Hasil buah fikir setelah dengerin lagu ini intens 1 jam berulang ulang.
Mungkin benar mungkin juga salah",2025-05-17T18:39:25Z,0,fikiran lagu lahir si laki laki merenung sadar perubahan kebiasaan kebersamaan keakraban keharmonisan perubahan karna berjalan membawa si perempuan aktifitas lingkungan fokus menimbulkan perubahan perubahan drastis titik dimana laki laki mengorbankan hidupnya fokus perempuan perempuan pelan pelan berubah akibat laki laki karir lingkungan pendidikan perempuan pandangan berbeda hubungan hidup fokus fokus laki laki kau menggenggam ku laki laki tergenggam si perempuan pergi seakan perempuan menggenggamnya ku menadahnya sisi laki laki suasana perempuan lari akibat tujuan tujuan hasil buah fikir dengerin lagu intens jam berulang ulang salah,86,negative
JENpTmMQBQY,UgyDtql146gN2iHrQXx4AaABAg,@RicqyIkuy0306,"Aku Islam dan cewekku Budha 
Kita sama"" hahahihi selama 6 Tahun pacaran 
Dan akhirnya salah satu dari kita memutuskan pindah
Ya itu ceweku menjadi mualaf tanpa ada paksaan dariku Dan Alhamdulillah kami sudah menikah selama 4 tahun 
Total kebersamaan kita sudah 10 tahun tepatnya hari ini adalah anniversary pernikahan kami yang ke 4 tahun  saya dengan nya â¤â¤â¤ğŸ˜Š",2025-05-17T18:24:45Z,3,islam cewekku budha hahahihi pacaran salah memutuskan pindah ya ceweku mualaf paksaan dariku alhamdulillah menikah total kebersamaan tepatnya anniversary pernikahan nya,21,negative
JENpTmMQBQY,UgwpwvQ06GVYfTLNlqp4AaABAg,@syachsegaf6221,Nada di bagian reff akhir mirip reff lagu peterpan yg judulnya dilema besar gk sih ğŸ˜… @ArielNoahOfficial,2025-05-17T17:41:20Z,0,nada reff reff lagu peterpan yg judulnya dilema gk sih,10,negative
JENpTmMQBQY,Ugz0IH6tYAlIkRtRaaR4AaABAg,@rokhimmbois9919,"wkwk jd keinget dulu,, waktu pdkt sm istri,
qt bikin perjanjian,
q harus berhenti ngerokok dan minum,
dan dia harus berjilbab,
alhamdulilah istiqomah sampe sekarang,,semoga keluarga saya dan keluarga yg baca ini,diberi umur panjang dan langgeng bersama pasangan masing2ğŸ¤²ğŸ¤²ğŸ¤²",2025-05-17T17:00:13Z,0,wkwk jd keinget pdkt sm istri qt bikin perjanjian q berhenti ngerokok minum berjilbab alhamdulilah istiqomah sampe sekarangsemoga keluarga keluarga yg baca inidiberi umur langgeng pasangan,26,positive
JENpTmMQBQY,UgwsJGK2p0gUD6Y-i4x4AaABAg,@YuyunMaratus-r6v,8 tahun lalu .. kisahku diakhiri .. Dia katolik aku muslim.. 4 tahun bersama kukira bisa mengajaknya bersatu mengikutiku tp ternyata sebuah keyakinan tidak bisa dipatahkan begitu saja.. kami menyerah mengikuti jalan masing masing.. dan sekarang kami sama2 sudah menikah dengan orang yg satu keyakinan. Berat sih tp bagi kami agama no 1.. tidak ada yg harus dikorbankan selain perasaan kami ğŸ˜­ğŸ™ğŸ™,2025-05-17T16:55:29Z,1,kisahku katolik muslim kukira mengajaknya bersatu mengikutiku tp keyakinan dipatahkan menyerah mengikuti jalan menikah orang yg keyakinan berat sih tp agama yg dikorbankan perasaan,24,negative
JENpTmMQBQY,UgxHErbkgJ3rWKBWeMF4AaABAg,@muhammadzulfikar2948,Pantes naik daun. dari sisi naik turun vokalnya unik ini (mix). Liriknya bagus. Keren ini vokalisnya,2025-05-17T16:40:44Z,0,pantes daun sisi turun vokalnya unik mix liriknya bagus keren vokalisnya,11,positive
JENpTmMQBQY,Ugy-zqX76yZ7BMD8CsN4AaABAg,@NalszFVNKY,Ijin meramaikan mas Ling ORI aman ğŸ™,2025-05-17T16:37:33Z,0,ijin meramaikan mas ling ori aman,6,positive
JENpTmMQBQY,Ugw3PYygl_WB5JwiAZJ4AaABAg,@EagleWarhead,"Dengar lagu ini untuk tidur, malah kebaca komentarÂ² galau madesu. Hedehh",2025-05-17T16:31:07Z,0,dengar lagu tidur kebaca komentar galau madesu hedehh,8,negative
JENpTmMQBQY,Ugyo2N5LlkTo5dUCPIN4AaABAg,@krisna2813,Aku kesini gara2 tadi siang lupa makan siang,2025-05-17T16:25:47Z,0,kesini gara siang lupa makan siang,6,negative
JENpTmMQBQY,UgzUc7dwmqv6g3N6fWd4AaABAg,@abrahamhasan6588,"Nyanyian surau dan mangu lagu fav gue, viral nya di 2025 bjirrr",2025-05-17T15:52:58Z,0,nyanyian surau mangu lagu fav gue viral nya bjirrr,9,positive
JENpTmMQBQY,UgwB4XYekgnJoKDTHaJ4AaABAg,@AlghazaliElfo-id8it,Liriknya berkelas bgt ğŸ‘ga sprti kangen band,2025-05-17T15:36:22Z,0,liriknya berkelas bgt ga sprti kangen band,7,positive
JENpTmMQBQY,UgwkfPfTAPuP3v62rJ54AaABAg,@langoReda-u8n,Bang knpa lagu bang kena ke saya semua kata2 dalam lagu ini semuanya 100 persen ke saya dan gak ada yang beda jon hidup ku sama ke lagu abang gagal untuk memiliki dia karna egoğŸ˜ŠğŸ˜¢â¤,2025-05-17T15:31:34Z,0,bang knpa lagu bang kena lagu persen gak beda jon hidup ku lagu abang gagal memiliki karna ego,18,negative
JENpTmMQBQY,UgyiwnBi6Tv5PQRxr314AaABAg,@shabiyaputeri5821,Lagunya indah enak didengar dengan hati bagus bikin candu suara ari lesmana yg khasâ¤,2025-05-17T15:22:07Z,0,lagunya indah enak didengar hati bagus bikin candu suara ari lesmana yg khas,13,positive
JENpTmMQBQY,UgwES74soGM7TV2h-2N4AaABAg,@Obez_Yan,"8 tahun menjalani semasa pacaran dengan Doi. 
Awal dia masuk kuliah hingga wisuda, aku tetap bertahan dengannya, berharap doi dapat hidayah. 
Hal itu yang membuat saya tetap bertahan dengan wanita yang sama. 

Tiba hari dimana saya harus mengambil keputusan, karena bertahun-tahun saya menjalani dengan doi dia tetap dengan keyakinannya. Disaat itu pula kita mengambil jalan sendiri sendiri, tanpa ada kata putus atau apa semacamnya. 
Saya antar dia pulang, selama diperjalanan sampai rumahnya tak ada pembicaraan sama sekali. 

Dingin senyap tanpa expresi sama sekali, tak ada emosi, kemarahan. 

Begitu motor berhenti, dia langsung jalan dan beberapa langkah dia sempat memelankan jalannya. 
Saya tak lagi memandang wajahnya saat itu, dia pun sama. 
Sampai terdengar pagar terbuka, saya jalan pulang  .",2025-05-17T15:19:16Z,0,menjalani pacaran doi masuk kuliah wisuda bertahan dengannya berharap doi hidayah bertahan wanita dimana mengambil keputusan bertahuntahun menjalani doi keyakinannya disaat mengambil jalan putus semacamnya pulang diperjalanan rumahnya pembicaraan dingin senyap expresi emosi kemarahan motor berhenti langsung jalan langkah memelankan jalannya memandang wajahnya terdengar pagar terbuka jalan pulang,48,positive
JENpTmMQBQY,UgwIGgg4mBalWB-zVDF4AaABAg,@vp-mfh32,Sulit mendefinisikan makna lagu ini terlalu luas maknanya,2025-05-17T15:15:45Z,0,sulit mendefinisikan makna lagu luas maknanya,6,negative
JENpTmMQBQY,UgwLO2WQHuOAi9yIcoN4AaABAg,@iccankdrasco,42 kalo bikin lagu yah gitu pasti bikin merinding,2025-05-17T14:36:59Z,0,kalo bikin lagu yah gitu bikin merinding,7,negative
JENpTmMQBQY,UgwMWIjuyD_joASOdc94AaABAg,@kamilmochamad9441,"tahun 2024 , 5 teman saya perdengarkan lagu mangu, ke semuanya tdk ada yg familiar dan komennya..lagu sebagus ini kok ga hits yaa.. 
algoritmanya kayanya d kacaukan heheh",2025-05-17T13:43:04Z,0,teman perdengarkan lagu mangu tdk yg familiar komennyalagu sebagus ga hits yaa algoritmanya kayanya kacaukan heheh,16,negative
JENpTmMQBQY,UgyB4Ll5gCnUCsTMaDB4AaABAg,@harizat1997,Memang lagu ni perihal berbeda agama??? Atau masalah dalaman yang membuat masing2 pasangan berdoa memohon perkara yang berbeza???,2025-05-17T13:26:03Z,1,lagu ni perihal berbeda agama dalaman pasangan berdoa memohon perkara berbeza,11,neutral
JENpTmMQBQY,UgyNtKpF4Jo_GBDBOEF4AaABAg,@Nadarihadatulaisyah-y6w,Beda agama aja sakit apalagi beda perasaan,2025-05-17T13:06:49Z,0,beda agama aja sakit beda perasaan,6,negative
JENpTmMQBQY,UgyzD6FVxJw5fyOg0Wl4AaABAg,@iinsyamwulandari1500,"Dia Kristen aku IsIam, 5 tahun bersama tapi kandas juga,, walau begitu cinta itu tetap masih sama walaupun udah punya jalan masing-masingâ¤",2025-05-17T12:51:43Z,0,kristen isiam kandas cinta udah jalan masingmasing,7,positive
JENpTmMQBQY,UgyxvuW6_kH40VKgxa94AaABAg,@Evie.istiana,"Dulu punya bos nikah beda agama. Istrinya ke gereja kalo hari minggu dan suaminya rajin banget solat anak yg pertama di ajak bapaknya solat. Kalo anak ke 2 di ajak ke gereja.. Bener2 rumit liatnya , dan aku ga perduli",2025-05-17T12:13:13Z,0,bos nikah beda agama istrinya gereja kalo minggu suaminya rajin banget solat anak yg ajak bapaknya solat kalo anak ajak gereja bener rumit liatnya ga perduli,26,negative
JENpTmMQBQY,UgyNMhp6uJGWCodrJVt4AaABAg,@Violleta617,dengerin lagu ini di biss jadi keinget dia yang beda kepercayaan.. ğŸ˜…ğŸ˜…ğŸ˜¢,2025-05-17T12:11:22Z,0,dengerin lagu biss keinget beda kepercayaan,6,neutral
JENpTmMQBQY,Ugw02WubZLtIIwGOLYt4AaABAg,@kurniadisetiawan9545,"Gimana sih awal nya lagi ini meledak , padahal udah lumayan lama lagu ini , aku dulu sering dgr lagu ini pas baru rilis , tapi kenapa meledak sekarang ya , heraann....",2025-05-17T11:53:38Z,0,gimana sih nya meledak udah lumayan lagu dgr lagu pas rilis meledak ya heraann,14,positive
JENpTmMQBQY,UgzcgLWZ2tv0tz9Ks1t4AaABAg,@MumpungLiburan,"Siapa yang kesini gara2 video vocalistnya di reaction orang2 di IG ğŸ˜‚????

BTW, Lagunya keren banget gaesss ğŸ‘ğŸ‘",2025-05-17T10:28:56Z,1,kesini gara video vocalistnya reaction orang ig btw lagunya keren banget gaesss,12,positive
JENpTmMQBQY,UgxdcDNZ8inNYL8WCqJ4AaABAg,@mootiy,gua pengen sekali-kali relate ama lagu modelan begini tapi crush gua sejauh ini selalu seagama ğŸ—¿,2025-05-17T10:03:24Z,0,gua pengen sekalikali relate ama lagu modelan crush gua seagama,10,negative
JENpTmMQBQY,UgxhFcNmkmaEaLleyax4AaABAg,@farizaaprilliansyah7819,"cinta kita dari kebersamaan yg indah, hingga kita sama"" sudah saling terikat janji ğŸ˜¢
waktu masih bersama ada do'a dan angan yg ingin kita tuju, sekarang kita berdoa demi kebaikan masing"" ğŸ¥ºğŸ˜¢ğŸ˜­",2025-05-17T09:36:21Z,0,cinta kebersamaan yg indah terikat janji doa angan yg tuju berdoa kebaikan,12,positive
JENpTmMQBQY,UgzkqeUtNPXwAubDfXB4AaABAg,@haf21,sialnya lagu kesukaanku sekarang banyak orang yg suka ğŸ˜¢,2025-05-17T09:34:18Z,0,sialnya lagu kesukaanku orang yg suka,6,positive
JENpTmMQBQY,Ugxud8LI-O_ivLFogoZ4AaABAg,@sekarayusukmaningrum5862,"Antara Masjid dan Vihara
Antara Al Qur'an dan Tripitaka
Antara Tasbih dan Juzu
Antara Syahadat dan Paritta
Aminku tidak bisa dijawab dengan Sadhumu..",2025-05-17T09:25:19Z,4,masjid vihara al quran tripitaka tasbih juzu syahadat paritta aminku sadhumu,11,neutral
JENpTmMQBQY,UgwIYBOXlLTee5WHgzF4AaABAg,@AjengmadyapuspaSari,Ini tu video klipnya ceritanya si cowo punya 3 istri apa gimna?,2025-05-17T09:13:38Z,0,tu video klipnya ceritanya si cowo istri gimna,8,neutral
JENpTmMQBQY,Ugw7jCd-PTH_I69Tt5h4AaABAg,@ridaann1883,"Kau menggenggam ku menadahnya, ini jelas soal perbedaan agama",2025-05-17T09:01:28Z,0,kau menggenggam ku menadahnya perbedaan agama,6,positive
JENpTmMQBQY,UgwsaEV1slBlNFZGZiF4AaABAg,@sayaaCant,yg denger lagu ini 2025 siapa?acung tangan coba ğŸ˜€ğŸ˜€,2025-05-17T08:46:36Z,0,yg denger lagu siapaacung tangan coba,6,negative
JENpTmMQBQY,UgyDMN73TzOc8KV6PVt4AaABAg,@pantm6475,Menurutku sih bagus rapnya sisanya b,2025-05-17T08:45:34Z,0,menurutku sih bagus rapnya sisanya b,6,positive
JENpTmMQBQY,UgwhbMMXi0xpQUQWfQB4AaABAg,@arif9415,"Yg viral ""mangu"" tapi favorit ku dari dulu ""zona nyaman"" ,",2025-05-17T08:30:45Z,0,yg viral mangu favorit ku zona nyaman,7,positive
JENpTmMQBQY,Ugxace9xzV0Hai8ZKpB4AaABAg,@fatawy8323,Baru Skali denger langsung trsimpan di dftar musik yg disukai..congratz fourtwnty â¤ï¸ğŸ‘ğŸ»ğŸ‘ğŸ»,2025-05-17T08:27:37Z,0,skali denger langsung trsimpan dftar musik yg disukaicongratz fourtwnty,9,positive
JENpTmMQBQY,Ugzl8Dd_EsX5AUieR_V4AaABAg,@adikusnadi3739,Disini ga ada yg mau bahas Musik video nya gituh ? Apa udah paham sepenuh nya . Soalnya  part off lagu d wakilkan sm musil video nya juga sih,2025-05-17T08:22:01Z,1,ga yg bahas musik video nya gituh udah paham sepenuh nya part lagu wakilkan sm musil video nya sih,19,negative
JENpTmMQBQY,Ugy5mAz3tMGkCdZ6pql4AaABAg,@daffamaulidywibisono3137,Ksini garaÂ² dewi persik nyanyi ni laguğŸ˜…,2025-05-17T07:56:20Z,0,ksini gara dewi persik nyanyi ni lagu,7,neutral
JENpTmMQBQY,UgwynuqiGEEFxDQ5FyZ4AaABAg,@wisnucahyoh,"ga ngerti gua Ri, gagal paham",2025-05-17T07:39:28Z,0,ga ngerti gua ri gagal paham,6,negative
JENpTmMQBQY,UgyAgRFXzw_rWcDos854AaABAg,@prastyahadi254,"kisahku banget, dia non muslim, pacaran 8th akhirnya dia pindah muslim, dan usia pernikahan kt skg 7 th ğŸ˜Š",2025-05-17T07:15:06Z,0,kisahku banget non muslim pacaran th pindah muslim usia pernikahan kt skg th,13,negative
JENpTmMQBQY,UgycaGCzOWTOo4KTMHp4AaABAg,@aninditahanumandarini573,gaaa tauuu sakitt bangettt kaloo dengarr laguu iniiiâ˜¹ï¸,2025-05-17T06:51:28Z,1,gaaa tauuu sakitt bangettt kaloo dengarr laguu iniii,8,negative
JENpTmMQBQY,UgycYEGKy4aJ7EQTo7p4AaABAg,@deviveviani13,Ke sini karena liat kemarin mangu ada di top 10 global spotify dengan 3juta+ streams. KEREN BANGET,2025-05-17T06:11:03Z,1,liat kemarin mangu top global spotify juta streams keren banget,10,positive
JENpTmMQBQY,Ugyo62Qw_ZnE6WUWz5t4AaABAg,@jodigustaman5618,sebelumnya memang seagama. tp tiba tiba salah satunya murtad. Bukan dari yg berbeda jd satu agama.,2025-05-17T05:05:25Z,0,seagama tp salah satunya murtad yg berbeda jd agama,9,negative
JENpTmMQBQY,UgzoI6IlHKeOU4bF4h54AaABAg,@yemzspeedz,"Dia kristian aku islam, dia menyukaiku aku tidak menyukainya. Dia selalu tanya khabar aku, aku tidak pedulinya. Setelah dia menghilangkan diri, aku mencari dimana dia ğŸ™‚",2025-05-17T04:52:49Z,0,kristian islam menyukaiku menyukainya khabar pedulinya menghilangkan mencari dimana,9,positive
JENpTmMQBQY,UgxkACHduY1X9X4_FTl4AaABAg,@AsihBianti-b1j,Aku jga pernh pacaran sama yg beda agama dan akhirnya ttp berpisahğŸ˜¢,2025-05-17T04:45:39Z,0,jga pernh pacaran yg beda agama ttp berpisah,8,neutral
JENpTmMQBQY,UgxtzH6gKRhobvQCDvZ4AaABAg,@Littleuser04,"Gila

Bukan hanya sekedar kata yang diselipkan dalam liriknya, tapi juga penggambaran luapan dari Emosi yang tumpah ruah dalam setiap penggalan liriknya, menarik jiwa untuk ikut berduka dan meneteskan air mata.",2025-05-17T04:41:41Z,0,gila sekedar diselipkan liriknya penggambaran luapan emosi tumpah ruah penggalan liriknya menarik jiwa berduka meneteskan air mata,17,positive
JENpTmMQBQY,Ugxoh03R_OCE8yoNTCd4AaABAg,@SuperBandit008,lagu tahun kapan fypnya kapan bused dah aglonema yotube susah di tebak,2025-05-17T04:34:08Z,0,lagu fypnya bused dah aglonema yotube susah tebak,8,negative
JENpTmMQBQY,Ugywy3RJ1V9TeHXLP594AaABAg,@EkoUtomo-y3v,Dalem banget lagu ni cokk.. nangis w njir,2025-05-17T04:31:09Z,0,dalem banget lagu ni cokk nangis w njir,8,positive
JENpTmMQBQY,UgyEBNP5xaF5C1pg9h94AaABAg,@indycitra9943,"saya relatenya bukan karena beda agama, tapi berpisah karena sudah mulai berbeda paham dan pola pikir. dia masih menganut nilai2 patriarkis tradisional, sementara aku mulai berpaham feminis akibat rasa sakit dari nilai2 patriarkis tersebut dan mulai meminta kesalingan dan kesetaraan dalam rumah tangga. jadinya ya beginilah, berpisah, sudah mulai berbeda jalan.",2025-05-17T04:06:08Z,0,relatenya beda agama berpisah berbeda paham pola pikir menganut nilai patriarkis tradisional berpaham feminis akibat sakit nilai patriarkis kesalingan kesetaraan rumah tangga ya berpisah berbeda jalan,26,negative
JENpTmMQBQY,Ugypq-ylF1BDl_OjekB4AaABAg,@diasalfatih8542,"Jaman sma dulu diknalin sm kawan 2minggu jadian 2 minggu putus, stlah tahu kita beda akidah. Mutusin berteman aj. Ada bawang merahnya 1 onğŸ˜Š",2025-05-17T03:47:45Z,0,jaman sma diknalin sm kawan minggu jadian minggu putus stlah beda akidah mutusin berteman aj bawang merahnya,17,negative
JENpTmMQBQY,Ugz5i7iVA-9zXIJuFWd4AaABAg,@ismirizkia,"Awal denger mangu, bukan soal cinta beda agama (karena tidak mengalami). Tapi tentang hubungan yang awalnya baik-baik saja, namun akhirnya kandas. Sudah tidak sejalan, karena ego masing-masing. Alasan klasik memang, seperti inilah kenyataannya. Sulit untuk menyatukan ego dari dua kepala.",2025-05-17T03:23:07Z,1,denger mangu cinta beda agama mengalami hubungan baikbaik kandas sejalan ego masingmasing alasan klasik kenyataannya sulit menyatukan ego kepala,19,negative
JENpTmMQBQY,Ugymmxbn1awrAZ0VkRR4AaABAg,@diandrahaqi9519,"Kami seagama dan seiman tapi dulu pernah hampir tidak jadi menikah dengan suami karena sesuatu, akhirnya kami berdua memutuskan untuk salat istikharah bersama, lalu bersatu kembali dan dua keluarga saling setuju. Alhamdulillah, sebentar lagi mau anniversary pernikahan yang ke-12. Semoga harmonis selalu till jannah â¤ğŸ’•",2025-05-17T03:09:46Z,3,seagama seiman menikah suami berdua memutuskan salat istikharah bersatu keluarga setuju alhamdulillah sebentar anniversary pernikahan semoga harmonis till jannah,19,positive
JENpTmMQBQY,UgwX3V4qHjXwDxaopTB4AaABAg,@AhmadFadlan-t7f,Teringat cerita teman pacaran beda agama dan akhirnya memutuskan mualaf dan menikah...tapi ada cerita lain ternyata ayah dan ibu temen aku ini  menikah beda agama sampai 25 tahun berjalan..setelah temen aku ini mualaf ayahnya bilang ke ibunya ingin di surga bersama ibunya..akhirnya ibunya mualaf setelah 25 berumah tangga karena ngak mau suaminya sendiri di Surga....,2025-05-17T03:06:35Z,0,cerita teman pacaran beda agama memutuskan mualaf menikahtapi cerita ayah temen menikah beda agama berjalansetelah temen mualaf ayahnya bilang ibunya surga ibunyaakhirnya ibunya mualaf berumah tangga ngak suaminya surga,29,neutral
JENpTmMQBQY,UgzVjxbucHQIIY6JxI14AaABAg,@susanti-tu3do,"Orag koq bisa ya pacaran sampe puluhan tahun, sulit di cerna",2025-05-17T02:56:35Z,0,orag koq ya pacaran sampe puluhan sulit cerna,8,negative
JENpTmMQBQY,Ugw__Fan2tcUsxN7d5Z4AaABAg,@SkiwHood,Jadi nostalgia pas pacaran sama yg se amin ga seiman ğŸ˜ŠğŸ˜Š,2025-05-17T02:12:45Z,0,nostalgia pas pacaran yg amin ga seiman,7,negative
JENpTmMQBQY,UgzML8vHVWjZ38DO31t4AaABAg,@indrabudiman16,"Yg terakhir rada2 mirip ariel gaya tarikan suaranya, kalau noah bawain lagu ini keren juga sepertinya",2025-05-17T02:02:59Z,0,yg rada ariel gaya tarikan suaranya noah bawain lagu keren,10,positive
JENpTmMQBQY,Ugwdo-WxRHQ6wiwF6pJ4AaABAg,@ekawulansari5617,Syahdu banget dengerin ini di LRT jln menuju pulang,2025-05-17T01:48:20Z,0,syahdu banget dengerin lrt jln pulang,6,positive
JENpTmMQBQY,UgxyrDyncsfAFzlFsk94AaABAg,@BabyThapiers,"bukannya mau ngerusak suasana nih ya , itu di scene terakhir keluarga siapa anying di tangga menuju lt 2 wkwkkw",2025-05-17T01:31:57Z,0,ngerusak suasana nih ya scene keluarga anying tangga lt wkwkkw,10,negative
JENpTmMQBQY,Ugy49D20_twlu5xs9-p4AaABAg,@melysalysa7503,"Jadi inget masa pacaran sama suami,, aq islam dia kristen, dan alhamdulillah saat akan menikah suami sudah mualafâ¤,, gatau kenapa denger lagu2 kaya gini tuh selalu ingat masa2 kita dulu beda agama tapi dia selalu ada buat aqğŸ˜Š",2025-05-17T00:03:00Z,0,inget pacaran suami aq islam kristen alhamdulillah menikah suami mualaf gatau denger lagu kaya gini tuh beda agama aq,19,negative
JENpTmMQBQY,UgzP8rl1XLvgpAeQmYN4AaABAg,@sleketebz,"Cinta terjebak dalam 2 jiwa yg sulit dilogikakan,  mencoba untuk berjalan,bertahan dan terus mempertahankan namun ego memaksa untuk berpisah. karena mereka tahu hidup gak cuma sekali dan hidup yg sekarang dijalani hanya tentang waktu.",2025-05-16T23:42:00Z,0,cinta terjebak jiwa yg sulit dilogikakan mencoba berjalanbertahan mempertahankan ego memaksa berpisah hidup gak hidup yg dijalani,17,negative
JENpTmMQBQY,Ugz7KV3BmCEbGIgXrO14AaABAg,@obeisz,"Kemana aja gw jirr, baru tau lagu sebagus ini",2025-05-16T23:32:10Z,0,kemana aja gw jirr tau lagu sebagus,7,positive
JENpTmMQBQY,Ugz5q5B1xZyt1r97gJx4AaABAg,@andreasardiansyah60,"Ini tentang kita, tentang aku yang gagal mengerti caramu ingin dicintai, dan kamu yang gagal mengerti caraku mencintai.",2025-05-16T23:09:34Z,0,gagal mengerti caramu dicintai gagal mengerti caraku mencintai,8,negative
JENpTmMQBQY,UgwHNl4pgTGa6_O2WYt4AaABAg,@wkskyf,"""Ini soal hati bukan yang diyakini"" sederhana tapi luas sudut pandangnya, terkadang hati sudah meyakini tapi diluar dugaan bisa bertolak belakang. 
lirik yang sangat indah sekaligus penuh makna. mantap fourtwntyâ¤",2025-05-16T22:44:50Z,0,hati diyakini sederhana luas sudut pandangnya terkadang hati diluar dugaan bertolak lirik indah penuh makna mantap fourtwnty,17,positive
JENpTmMQBQY,Ugx_ASLMA0OlVsJQiUR4AaABAg,@yudiaryanto2880,"aku muslim, aku ingin punya pasangan katholik. gimana tuh?
(nada kalem)",2025-05-16T22:40:43Z,0,muslim pasangan katholik gimana tuh nada kalem,7,negative
JENpTmMQBQY,Ugw8TIghHxTWcCEBY214AaABAg,@firmansyahlumabiangofficia7500,"Saya pengamen dan saya ingin mngucapkan terima kasih untuk bang ari, krna sudah mnciptakan karya yg seindah ini, setiap saya bawah lagu ini, saweranya gak main"", skali lagi sya mngucapkan terima kasih ğŸ™ğŸ™ğŸ™ sukses terusss",2025-05-16T20:30:29Z,2,pengamen mngucapkan terima kasih bang ari krna mnciptakan karya yg seindah lagu saweranya gak main skali sya mngucapkan terima kasih sukses terusss,22,positive
JENpTmMQBQY,Ugx-Bk9Z917zLT1RIYd4AaABAg,@Rosemaryslist,Udh ngeh dri 2022 cuk ini lagu bgus cmn ga viral baru naik skrng,2025-05-16T19:27:17Z,1,udh ngeh dri cuk lagu bgus cmn ga viral skrng,10,positive
JENpTmMQBQY,UgwZAldxwRO_iDx0dZd4AaABAg,@adikusnanto2651,"Dia protestan aku muslim,,dan aku memilih mundur karena akan tahu ujungnya, sekalipun perasaan itu aku simpan lama dan aku sembunyikan akhirnya kau pun tahu hingga kau beri kesempatan membuka pintu hati untukku, tpi aku tetap tidak berani mengambil posisi itu lebih dalam, karena kau akan kecewa pd akhirnya..",2025-05-16T19:08:04Z,4,protestan muslimdan memilih mundur ujungnya perasaan simpan sembunyikan kau kau kesempatan membuka pintu hati untukku tpi berani mengambil posisi kau kecewa pd,22,negative
JENpTmMQBQY,UgyMV2_8nGuQEFDMUEZ4AaABAg,@joujou-k3y,"Sama sama muslim namun aku berdoa untukmu , kmu berdoa untuknya",2025-05-16T18:36:19Z,1,muslim berdoa untukmu kmu berdoa untuknya,6,neutral
JENpTmMQBQY,Ugw10qjY4Fp5mmEGHhh4AaABAg,@muhammadfajri266,"Lagunya viral, terngiang2 setiap buka hp, awalnya saya ngk suka lagu ini.
Tapi sekarang saya sangat menikmati lagu iniâ¤",2025-05-16T18:31:12Z,0,lagunya viral terngiang buka hp ngk suka lagu menikmati lagu,10,positive
JENpTmMQBQY,UgxN2fUeCx56LkyIqM94AaABAg,@Mala-p7q,"Sebelum lagu mangu viral
Semua lagu fourtwenty saya suka,
Aku tenang, zona nyaman, diskusi senja, hitam putih, fana merah jambu,, pokoknya lagu"" nya the best ğŸ‘",2025-05-16T18:30:35Z,1,lagu mangu viral lagu fourtwenty suka tenang zona nyaman diskusi senja hitam putih fana merah jambu pokoknya lagu nya best,20,positive
JENpTmMQBQY,UgxEmvgmDus3qugoVMV4AaABAg,@belajarbisa2023,dari video klip hanya ada 5 orang anggota keluarga.. yang berdiri diatas tangga di akhir video siapa? dan sebagai apa?,2025-05-16T18:30:19Z,0,video klip orang anggota keluarga berdiri diatas tangga video,9,neutral
JENpTmMQBQY,Ugy36qHy8DGCBn4KLPZ4AaABAg,@yann1809i,"masuk top global Spotify bree no 10 skrg, geloooğŸ‰ğŸ‰",2025-05-16T18:17:11Z,2,masuk top global spotify bree skrg gelooo,7,positive
JENpTmMQBQY,UgykZBZbrRWDGvGCrM14AaABAg,@buyungamrullah9106,Di video clip itu critanya yg pindah agama yg siapa?,2025-05-16T18:07:12Z,0,video clip critanya yg pindah agama yg,7,negative
JENpTmMQBQY,UgwDrFKNPCGMd4cP0WV4AaABAg,@bangtamasihiteru73,"Kok bisa ya, teman teman pada bilangin gw mirip Ari Lesmana ğŸ¤”",2025-05-16T18:00:54Z,0,ya teman teman bilangin gw ari lesmana,7,neutral
JENpTmMQBQY,UgytJlMbmgf1ORBI24t4AaABAg,@fajartriputraofficial9914,"Pokonya 
aku Genjring Rebana dia Violin dan Piano,
Aku Tung tung Sahur dia Lonceng Gorobak, 
Aku Kupat Tahu dia Coklat Valentine .
Tambahin lagi gess kasih viral komenya ges ya, sembilu mania",2025-05-16T17:25:00Z,0,pokonya genjring rebana violin piano tung tung sahur lonceng gorobak kupat coklat valentine tambahin gess kasih viral komenya ges ya sembilu mania,22,positive
JENpTmMQBQY,UgzH2IZMOP88ZvEXGqx4AaABAg,@briks8,"Jadi ingat lagunya kla project WAKTU TERSISA .. 
Swasana dan makna nya di jalur yg sama",2025-05-16T17:18:11Z,0,lagunya kla project tersisa swasana makna nya jalur yg,9,neutral
JENpTmMQBQY,UgxlgoSlOm-b6df8yDV4AaABAg,@daniilkudanill,Ahh 4 tahun hubungan penuh cinta dan harap yang pernah terjadi. Antara kidung mazmur dan tilawah Qur'an,2025-05-16T16:56:06Z,0,ahh hubungan penuh cinta harap kidung mazmur tilawah quran,9,positive
JENpTmMQBQY,Ugw3lCynMGjXkIu-seR4AaABAg,@EdiSiswantoo20,"aku muslim dia juga muslim,tapi kami berbeda server.
lebih rumit di bandingkan lonceng dan adzan",2025-05-16T16:33:12Z,1,muslim muslimtapi berbeda server rumit bandingkan lonceng adzan,8,negative
JENpTmMQBQY,Ugy2UeO7qogq_0LtNbZ4AaABAg,@pashadim9643,Enak pas direff nya aja jdi nadanya cndu,2025-05-16T16:24:05Z,0,enak pas direff nya aja jdi nadanya cndu,8,positive
JENpTmMQBQY,UgyjW_-Z3GfixZTMCjV4AaABAg,@ndomotovlog_1291,"LDR terjauh adalah hubungan lintas agama,,SATU AMIN BEDA IMAN semangat pejuang cinta beda agamaâ¤â¤",2025-05-16T15:53:14Z,0,ldr terjauh hubungan lintas agamasatu amin beda iman semangat pejuang cinta beda agama,13,neutral
JENpTmMQBQY,UgxQF7uZwn4r6fD-fId4AaABAg,@herodessangpembela0093,Aku muslim dia protestan Ya Allah apakah 7thun kita bersama hrus berakhir disini kisah 2019 semua kita lalui bersama ğŸ˜¢maaf aku gk bisa mengambil paksa kamu dari tuhanmu kita seamin namun ta seimanğŸ™ƒ semoga kamu bertemu dgn lelaki yg lebih tulus versi imanmuğŸ¥ºaku akan selalu ada dibelakang mu sampai kapanpun dan dimana pun selamat memulai lembaran baru wanitaku ğŸ˜˜,2025-05-16T15:52:44Z,2,muslim protestan ya allah thun hrus kisah lalui maaf gk mengambil paksa tuhanmu seamin ta seiman semoga bertemu dgn lelaki yg tulus versi imanmuaku dibelakang mu dimana selamat lembaran wanitaku,30,positive
JENpTmMQBQY,Ugx7c9fVcNPh9IlcXd14AaABAg,@mainbarengsenja,"gokil konsep video clipnya, baru kali ini liat theater dengan rumah sebagai media panggungnya",2025-05-16T15:51:13Z,0,gokil konsep video clipnya kali liat theater rumah media panggungnya,10,neutral
JENpTmMQBQY,UgzE4ipIUYHSYTjxVtx4AaABAg,@Kang_dave4833,"Pernah deket dan beda keyakinan saya islam,dia katolik,berpisah secara baikÂ²,boleh mencintai,tapi jangan ambil dia dari tuhan dan keyakinannya,see you again semoga dipertemukan lagi saat kita udah samaÂ² bahagia",2025-05-16T15:45:40Z,1,deket beda keyakinan islamdia katolikberpisah baikboleh mencintaitapi ambil tuhan keyakinannyasee semoga dipertemukan udah bahagia,14,positive
JENpTmMQBQY,Ugy8vMtu7KpHjLjxhFp4AaABAg,@ilovegreeeeeeen,"Dulu sekali, pernah suka dengan seseorang. Dari awal membaca namanya, saya bisa menebak dia tidak seiman dengan saya, tapi orangnya asik, baik, cerdas, pekerjaan mapan, soft spoken, pokoknya tipe saya banget ğŸ˜‚. Dan ngobrolin apa aja sama dia kayanya selalu nyambung. Kayanya 1 kali dia sempat nembak saya tp saya bingung, antara suka tapi di sisi lain takut nantinya benar2 jatuh cinta sama dia dan harus milih ikut dia. Sering banget sedih diam-diam karena berpikir memang ngga mungkin kami jadi satu. Lama2, saya mundur teratur.",2025-05-16T15:39:57Z,0,suka membaca namanya menebak seiman orangnya asik cerdas pekerjaan mapan soft spoken pokoknya tipe banget ngobrolin aja kayanya nyambung kayanya kali nembak tp bingung suka sisi takut jatuh cinta milih banget sedih diamdiam berpikir ngga mundur teratur,37,negative
JENpTmMQBQY,UgyvpKTeB8m8pjm_Frt4AaABAg,@pradaatmaja,"lagu ini nguras energi banget, tapi bikin candu.
aku tidak sedang ngalamin kisah seperti ini, dan ga pernah mengalami juga sebelumnya. tapi denger lagu ini rasanya sakit banget, nyesek, bener-bener terbawa suasana. dan itu yang bikin nguras energi. tiap denger lagu ini bawaannya jadi galau, dan ga mood beraktifitas apapun",2025-05-16T15:32:12Z,1,lagu nguras energi banget bikin candu ngalamin kisah ga mengalami denger lagu sakit banget nyesek benerbener terbawa suasana bikin nguras energi denger lagu bawaannya galau ga mood beraktifitas apapun,29,negative
JENpTmMQBQY,UgzU97UGcVhaaHKlUxJ4AaABAg,@gagina-h8f,"Temen gue banget nih. Pacaran dari sma sampe kuliah selesai. Endingnya tetep pisah juga dan berkeluarga masing masing. 
Gak masuk logika emang. Namanya juga cinta yekan",2025-05-16T15:28:26Z,1,temen gue banget nih pacaran sma sampe kuliah selesai endingnya tetep pisah berkeluarga gak masuk logika emang namanya cinta yekan,20,negative
JENpTmMQBQY,UgwNeNRdq0WVxqPQXGt4AaABAg,@bobbyozunu2090,"Gw rasa ini bukan hanya berkutat tentang perbedaan agama, lebih luasnya perbedaan perspektif ğŸ˜”",2025-05-16T15:17:48Z,0,gw berkutat perbedaan agama luasnya perbedaan perspektif,7,neutral
JENpTmMQBQY,UgwxVf2z-VWJRO9URmF4AaABAg,@Dimasmaulana-ze7ir,"Hingga, untuk mengikhlaskannya dengan pilihannya, aku bersedia mundur dan menyebrang, memastikan tidak ada hal apapun yg bsa menjadi alasan untuk berbalik bersama. Sesakit itu? Iyaa, sedalam dan sehancur itu. Untuk dia disana, N.Ayâ¤",2025-05-16T15:14:12Z,1,mengikhlaskannya pilihannya bersedia mundur menyebrang apapun yg bsa alasan berbalik sesakit iyaa sedalam sehancur disana nay,16,negative
JENpTmMQBQY,UgyWSHbmg6zfDeEFKhZ4AaABAg,@ArdyanArdyansah-d3q,"Sy muslim dan cewek saya ketolik,kami sudah 8thn pacaran tp semuanya sudah berakhir,terkadang sy duduk sendiri dan berpikir apakah sy harus bagaimana tidak mungkin saya merebut dia dari orang tuanya Dan Tuhan Nya terkadang mnghiklaskan butuh pengorbananğŸ˜¢",2025-05-16T14:49:22Z,1,sy muslim cewek ketolikkami thn pacaran tp berakhirterkadang sy duduk berpikir sy merebut orang tuanya tuhan nya terkadang mnghiklaskan butuh pengorbanan,21,negative
JENpTmMQBQY,UgxWpXfcj1nla3xWNzR4AaABAg,@lunazeliana,"Tolong yg bisa jelaskan alur cerita video klip nya, dan maksudnya apa",2025-05-16T14:34:41Z,0,tolong yg alur cerita video klip nya maksudnya,8,neutral
JENpTmMQBQY,UgyU0pOU12Z3TEABkDt4AaABAg,@Riswandii,"Kirain yang viral bagian reff nya, ternyata penggalan akhir lirik doangğŸ˜Š",2025-05-16T14:26:34Z,0,kirain viral reff nya penggalan lirik doang,7,neutral
JENpTmMQBQY,UgzMKHCPmSaHiMOqzZZ4AaABAg,@feyapr6618,"Pernah dan dia yg minta mundur dan w iya in, karena w sadar bonyok w ngelarang ğŸ˜Š",2025-05-16T13:59:43Z,0,yg mundur w iya w sadar bonyok w ngelarang,9,negative
JENpTmMQBQY,UgyPmfLDbTejcI3fTMV4AaABAg,@shasacahyati2908,Siapa yang kesini garagara scroll tiktok dan inget mantanğŸ˜¢,2025-05-16T13:55:58Z,0,kesini garagara scroll tiktok inget mantan,6,negative
JENpTmMQBQY,UgyvZ3UTwtgCsrdQuUV4AaABAg,@tubagusimanudin9131,Lagunya kaya sebuah cerita atau puncak konflik nya d ceritakan pada bagian akhir,2025-05-16T13:39:48Z,0,lagunya kaya cerita puncak konflik nya ceritakan,7,positive
JENpTmMQBQY,UgxrMqmpLoaMJtpyAAt4AaABAg,@EliteThinkerer,my first true love that i still loved even after almost 8 years got married today.Happy for both of them because she deserve better.Eventho after 8 years i still hoping that our paths will cross again but Allah plans more better.Once Again congratulations H&N ğŸ˜Šâ¤.Maybe my time will come either jodoh or Ajal that will come first.Semoga Terus bahagia selamanya ğŸ¤,2025-05-16T13:32:24Z,0,first true love still loved even almost years got married todayhappy deserve bettereventho years still hoping paths cross allah plans betteronce congratulations hn maybe time come either jodoh ajal come firstsemoga bahagia,32,positive
JENpTmMQBQY,UgwW97hbBs_DmEGPzBt4AaABAg,@tarantula130,"Sebesar apapun cintaku padamu, aku takkan merebutmu dari TUHAN mu. ğŸ˜‡",2025-05-16T13:15:41Z,0,apapun cintaku padamu takkan merebutmu tuhan mu,7,negative
JENpTmMQBQY,Ugzp8OudRq-h2T1Y9Y14AaABAg,@alifmustova6474,ternyata LDR terjauh itu bukan antar negara ğŸ˜”ğŸ˜” melaikan antara rosariomu dan kiblatku,2025-05-16T13:07:02Z,0,ldr terjauh negara melaikan rosariomu kiblatku,6,neutral
JENpTmMQBQY,UgwLfMEGjA12HN5sfAJ4AaABAg,@siskaGeulis,"aku Islam dia katolik setelah hubungan jalan ke 2 thn kami baru sadar ternyata bukan agama aja yang menghalangi kita berdua Restu ortu,jarak,umur.",2025-05-16T13:06:15Z,1,islam katolik hubungan jalan thn sadar agama aja menghalangi berdua restu ortujarakumur,12,negative
JENpTmMQBQY,UgzLSxpHheNSdJfmrm54AaABAg,@danangsetyantoqo9137,"Jakarta ada MANGU
Jawa ada PISAH dari guyon watonğŸ˜Š",2025-05-16T12:47:39Z,0,jakarta mangu jawa pisah guyon waton,6,neutral
JENpTmMQBQY,UgydZsbHXk8IWNFp9N54AaABAg,@kreki20,Ari lesmana kalo adzan aja bagus kalo nyanyi udah pasti nyetuh hati,2025-05-16T12:45:09Z,0,ari lesmana kalo adzan aja bagus kalo nyanyi udah nyetuh hati,11,positive
JENpTmMQBQY,UgzMEOfUN1RGXl47rPt4AaABAg,@donypriatna9168,"Gw pernah beda keyakinan.
Gw yakin sayang dia.
Dia ga yakin sayang gw.",2025-05-16T12:44:38Z,0,gw beda keyakinan gw sayang ga sayang gw,8,negative
JENpTmMQBQY,UgzGF7nKxJ-R0EF8Glh4AaABAg,@kreki20,Liat kenapa lagu ini meledak karena banyak di Indonesia yang bimbang akan cintanya yang berbeda keyakinan dan lagu ini nyentuh sekaliğŸ˜¢,2025-05-16T12:43:35Z,0,liat lagu meledak indonesia bimbang cintanya berbeda keyakinan lagu nyentuh,10,positive
JENpTmMQBQY,UgyOMGmwP6IpjQAkkqZ4AaABAg,@UlilKentuzzz,"Bersamanya memang sebuah kebahagiaan tapi jangan biarkan dia menghianati tuhannyağŸ˜ŒğŸ˜Œ


Jepara 16 mei 2025",2025-05-16T12:38:54Z,0,bersamanya kebahagiaan biarkan menghianati tuhannya jepara mei,7,negative
JENpTmMQBQY,UgxNur_whnOhSJb0C7Z4AaABAg,@alfianramadan8996,"Gilak gua lagi berak sambil ngerokok putarin lagu ini,teringat semua masalalu gua sembari netesin air mata,jangan di coba ya bor and girl cukup gua ajağŸ™ğŸ˜Œ",2025-05-16T12:12:51Z,0,gilak gua berak ngerokok putarin lagu initeringat masalalu gua sembari netesin air matajangan coba ya bor girl gua aja,19,negative
JENpTmMQBQY,Ugwk8YiVkQvo5kRhyc94AaABAg,@jaliljafran9020,Nyesek banget ya denger lagu ini hiks hiks,2025-05-16T11:46:14Z,0,nyesek banget ya denger lagu hiks hiks,7,negative
JENpTmMQBQY,Ugyuml2yeKmwt7YN34F4AaABAg,@bangcepeh9769,"Buat kalian yang Memiliki perasaan yang sama tetapi terhalang karena perbedaan agama, Tetap semangat perjuangkan cinta kalian, Karena Kita Tidak Tahu Apa yang sedang allah rencanakan Untuk Semuanya, Yakinlah Rencana allah Jauh Lebih indah daripada Rencana manusia.",2025-05-16T11:39:14Z,0,memiliki perasaan terhalang perbedaan agama semangat perjuangkan cinta allah rencanakan yakinlah rencana allah indah rencana manusia,16,positive
JENpTmMQBQY,UgxCT1ZqmEV95Iya3r94AaABAg,@hagabangun9351,"Pernah pacaran beda agama, ngirain bisa nikah dengan agama masing2
Ternyata ga semudah itu
Lagu MANGU ini telattttt bung
Wakakakak",2025-05-16T11:19:45Z,0,pacaran beda agama ngirain nikah agama ga semudah lagu mangu telattttt wakakakak,12,negative
JENpTmMQBQY,Ugy2BxycQTjiKXIT3Q14AaABAg,@sofrilbagus3759,"""Untuk Mu Agama Mu Dan Untuk Ku Agama Ku""
(QS. Al-Kafirun Ayat 6)",2025-05-16T11:11:05Z,0,mu agama mu ku agama ku qs alkafirun ayat,9,negative
JENpTmMQBQY,UgzEypKnIBK3zXbnQv54AaABAg,@nugroz,"lagu ini menceritakan saya dan komang 
islam dan hindu

dipertemukan di bali 2010 bersama hingga 2014
karena 
doa yg berbeda hingga keluarga nya mengusirku dari bali tapi saya mau bilang bila cinta saya dan dia tetap hidup sampe skrg ğŸ˜¢",2025-05-16T11:04:37Z,0,lagu menceritakan komang islam hindu dipertemukan bali doa yg berbeda keluarga nya mengusirku bali bilang cinta hidup sampe skrg,19,positive
JENpTmMQBQY,Ugz8CYHJVtEy0_yUFXR4AaABAg,@yoeshintamay,Lagu ini ngingetin sama perjalanan kita yg gk lagi sama gk lagi searah gk lagi satu tujuan gk lagi diusahakan ğŸ˜¢,2025-05-16T10:35:50Z,0,lagu ngingetin perjalanan yg gk gk searah gk tujuan gk diusahakan,11,negative
JENpTmMQBQY,UgxgpDGc-PGyfuWWgA94AaABAg,@SofyanSofyan-e4b,"Jangankan beda agama, cuma beda aliran aja kami terpisahkan,ta sanggup kami teruskan, bukan cinta kami yg kecil, tp nyali kami yang mungil ta mampu hadapi hujatan di depan mata.",2025-05-16T10:06:50Z,1,beda agama beda aliran aja terpisahkanta sanggup teruskan cinta yg tp nyali mungil ta hadapi hujatan mata,17,negative
JENpTmMQBQY,UgzaYcfZZNpt5Ljgftl4AaABAg,@azissaputra1373,"Kau Menggengam Ku Menadah nya.
ibarat Orang Kristiani Menggenggam Salib.
Kita Orang Islam Berdoa Dengan Menengadah kan Tangan. Agar Allah S.W.T Mengabulkan Permintaan Doa Dari Hamba Nya.",2025-05-16T09:52:07Z,0,kau menggengam ku menadah nya orang kristiani menggenggam salib orang islam berdoa menengadah tangan allah swt mengabulkan permintaan doa hamba nya,21,neutral
JENpTmMQBQY,UgziSR2HLcalYkKgrjJ4AaABAg,@maulanasabrian2909,3:19 jangan salahkan faham ku kini tertuju ...OoooğŸ’ƒ  siapa yang tau.. siapa yang cintaa... pada nabinya pasti bahagia dalam hidupnyağŸ‘³â€â™€ï¸ğŸ§•,2025-05-16T09:44:01Z,41,salahkan faham ku oooo tau cintaa nabinya bahagia hidupnya,9,positive
JENpTmMQBQY,UgymoB76LQD6xPuIKQp4AaABAg,@afitrahuda2773,Aku terlahir dari papa yang menggegam doa dan mama yang menadah doaâ¤,2025-05-16T09:24:41Z,0,terlahir papa menggegam doa mama menadah doa,7,neutral
JENpTmMQBQY,UgyoYGvdWAZz1DZOsbZ4AaABAg,@FunplayChannell,Wow keren banget lagunya bisa tembus top 12 Spotify global,2025-05-16T08:59:20Z,0,wow keren banget lagunya tembus top spotify global,8,positive
JENpTmMQBQY,UgzHmBFJnHHXSoOfCRB4AaABAg,@AbuDzar-y8g,Lagu ni da lama rupanye.. tapi baru viral di malaysia..,2025-05-16T08:58:34Z,1,lagu ni da rupanye viral malaysia,6,positive
JENpTmMQBQY,UgzPPyy4zDW7cdh_YEN4AaABAg,@dwiastuti7077,"0:54 antara pure dan masjid gw muslim dia Hindu,, senyaman itu berpasangan dengan yg beda agama namun kandas karena ego dan memilih untuk terpisah,, denger lagu ini related bngt sampe detik ini masih terbayang wajahnyağŸ˜¢ bli aku udah punya gelang tridatu asli Bali untuk ttp ingat kmu",2025-05-16T08:42:57Z,1,pure masjid gw muslim hindu senyaman berpasangan yg beda agama kandas ego memilih terpisah denger lagu related bngt sampe detik terbayang wajahnya bli udah gelang tridatu asli bali ttp kmu,30,positive
JENpTmMQBQY,UgxQ0LDetPsvbzyACnp4AaABAg,@GalangUltraman,"Lebih Sakit Mana, Cinta Beda Agama Atau Cinta Beda Perasaan.ğŸ˜¢",2025-05-16T08:04:34Z,0,sakit cinta beda agama cinta beda perasaan,7,negative
JENpTmMQBQY,UgzI-QAQARJFdZaFGsN4AaABAg,@awastv9421,"Semoga kamu baca ini
3 tahun bersama harus terpisah
Kita berbeda 
Aku NU kama MUğŸ˜…",2025-05-16T08:02:51Z,0,semoga baca terpisah berbeda nu kama mu,7,neutral
JENpTmMQBQY,Ugz3PlMRULs5RgAJkft4AaABAg,@iswandiilham5901,Kok saya nangkepnya beda ya.   Kalo aku nangkepnya ini orgnya dlunya seagama tapi ada yg salah satunya pindah agama...,2025-05-16T07:50:57Z,0,nangkepnya beda ya kalo nangkepnya orgnya dlunya seagama yg salah satunya pindah agama,13,negative
JENpTmMQBQY,UgwqF7Xetku1f_OdhRx4AaABAg,@dinitiara1075,Msh gk phm sm videonyğŸ˜‚ yaudahlah nyanyi aj..,2025-05-16T07:39:03Z,0,msh gk phm sm videony yaudahlah nyanyi aj,8,negative
JENpTmMQBQY,UgxBWboRwDIRLCSrHx54AaABAg,@dhaniaalea3620,Pdhl ga related sama kehidupan tp lagunya cocok untuk yg lagi nahan nangiss . Bikin nangis tercurahkan,2025-05-16T07:32:06Z,0,pdhl ga related kehidupan tp lagunya cocok yg nahan nangiss bikin nangis tercurahkan,13,positive
JENpTmMQBQY,UgybdyaWI9iwur_ArTh4AaABAg,@YoichiBerkatabadi,Semua bisa ortu saya saja beda buktinya bisa .asak slaing ngerti dan saling menhargai saja gt donak intihnya ..gak harus ikut satu semua,2025-05-16T07:22:03Z,0,ortu beda buktinya asak slaing ngerti menhargai gt donak intihnya gak,11,negative
JENpTmMQBQY,Ugx7vqIHCFyU_UYImpZ4AaABAg,@RahmatKewilla,Klo mnurut aku pebedaan itu slalu ada trgantung kitanya yg meresponi perbedaan itu karena di setiap kita meresponi sesuatu kita akan mngambil tindakan' nah tindakan itu yg memepengaruhi kedepannya bagaimna jadi jngan prnah mnyesali setiap tindakan kita..,2025-05-16T07:21:30Z,0,klo mnurut pebedaan slalu trgantung kitanya yg meresponi perbedaan meresponi mngambil tindakan tindakan yg memepengaruhi kedepannya bagaimna jngan prnah mnyesali tindakan,21,neutral
JENpTmMQBQY,UgxjzBc9G0TpCInkPUt4AaABAg,@winiwiniawati5580,Aku tidak pernah membuka hati dgn yg bukan seiman..krn tkt trjebak smpe akhrnya tkt klo aku yg murtad ğŸ˜‡,2025-05-16T07:02:57Z,2,membuka hati dgn yg seimankrn tkt trjebak smpe akhrnya tkt klo yg murtad,13,negative
JENpTmMQBQY,UgxR3RfqLVNqbjm_QUd4AaABAg,@rohlimaulana9018,Kembali ksni krn viral lg lagu mangu yg dmn cerita masalaluku dy katolik aq muslim aq gk mau mengambilnya dr tuhannya dan aq tetap pd keyakinan ku pd akhirnya aq memilih pergi penuh luka krn dy mengakhiri hidupnya tnp aq tau.,2025-05-16T06:45:33Z,0,ksni krn viral lg lagu mangu yg dmn cerita masalaluku dy katolik aq muslim aq gk mengambilnya dr tuhannya aq pd keyakinan ku pd aq memilih pergi penuh luka krn dy hidupnya tnp aq tau,35,negative
JENpTmMQBQY,UgzFNtAFOWJgQ9YbDyJ4AaABAg,@ahmadsodikardinugraha,"Mendadak cerita cinta beda agama
Disuruh toleransi malah kolaborasi",2025-05-16T06:45:23Z,0,mendadak cerita cinta beda agama disuruh toleransi kolaborasi,8,neutral
JENpTmMQBQY,Ugy9tfWvVA61tTwNrTJ4AaABAg,@vinkaarts,"Bagi saya pribadi sebagai manusia, dua insan yang saling cinta tidak akan ada masalah jika berbeda agama. Karena tetap agama apapun akan mengajarkan kebaikan.
Hanya saja jika cinta ini menghasilkan si buah hati, disaat itu akan timbul ego untuk menuntun anak mengarahkan si buah hati kepada kiblatnya.",2025-05-16T06:02:10Z,0,pribadi manusia insan cinta berbeda agama agama apapun mengajarkan kebaikan cinta menghasilkan si buah hati disaat timbul ego menuntun anak mengarahkan si buah hati kiblatnya,25,negative
JENpTmMQBQY,Ugx4cEGqUiI8Zm6PjDN4AaABAg,@ameera858,Kadang Tuhan menguji manusia dengan â€œcinta beda agamaâ€ hanya untuk memastikan apakah dia lebih mencintai ciptaannya atau Penciptanya,2025-05-16T05:41:46Z,0,kadang tuhan menguji manusia cinta beda agama mencintai ciptaannya penciptanya,10,negative
JENpTmMQBQY,UgyGi3f1zQo_fXb6yip4AaABAg,@ayshdhln,Kupikir lagu baru ternyata lagunya udah lama easy to listening â¤,2025-05-16T05:12:50Z,0,kupikir lagu lagunya udah easy listening,6,positive
JENpTmMQBQY,Ugz5qYIFvtbxqHzFFo54AaABAg,@danieltuerah5087,"aku dulu memikirkan agama yg benar itu seperti apa..??
ini sudut pandangku...!!
cara Tuhan mengasihi manusia dgn bgitu misteri..dikenal dan tak terpahami...

knapa kita yg ciptaanya aja membedakan mengasihi krn berbeda...kalo satu agama yg benar knapa tdk di musnakan Tuhan agama yg lain? 
ternyata aku semakin berumur makin memahami..Tuhan ada dan tdk membedakan..ke imanan Tuhan yg menilai...
yg boleh dinilai manusia adalah adab,dan etika..da nilai kehidupan bukan menghakimi siapa agama yg paling benar...

sesama org buta SURGA DAN NERAKA jgn saling memaki MENGHAKIMI..BUKAN RANAH KITA MANUSIA HINA",2025-05-16T05:01:49Z,0,memikirkan agama yg sudut pandangku tuhan mengasihi manusia dgn bgitu misteridikenal terpahami knapa yg ciptaanya aja membedakan mengasihi krn berbedakalo agama yg knapa tdk musnakan tuhan agama yg berumur memahamituhan tdk membedakanke imanan tuhan yg menilai yg dinilai manusia adabdan etikada nilai kehidupan menghakimi agama yg org buta surga neraka jgn memaki menghakimibukan ranah manusia hina,56,negative
JENpTmMQBQY,UgxIzvM3_3dzAkqS6np4AaABAg,@adindafajardhini,"Merasa ga relate sm lagu ini, sampe akhirnya aku teringat ternyata prnh relate sm lagu ini. 2016. Aku Aceh Islam, dia NTT Katolik. Tapi kita mutusin utk temenan aja krn ga mgkn utk dilanjutin. Dan kita msh temenan sampe skrg walopun dia udah nikah sm yg seiman sm dia..",2025-05-16T04:49:22Z,0,ga relate sm lagu sampe prnh relate sm lagu aceh islam ntt katolik mutusin utk temenan aja krn ga mgkn utk dilanjutin msh temenan sampe skrg walopun udah nikah sm yg seiman sm,33,negative
JENpTmMQBQY,UgxHpEew47aplkeE8iB4AaABAg,@radennongki7915,"Bersyukur bisa bertemu pasangan yg satu iman ,tanpa ada konflik internal terkait keimanan ,tinggal bersama merintih dan menitih jalan yg terbaik yg sudah di berikan petunjuk dari Allah SWT dan Rasul SAW melalui Al-qur'an serta hadist-Nya â¤",2025-05-16T04:41:20Z,0,bersyukur bertemu pasangan yg iman konflik internal terkait keimanan tinggal merintih menitih jalan yg terbaik yg petunjuk allah swt rasul saw alquran hadistnya,23,positive
JENpTmMQBQY,UgzVeoc5-kiBXvwCX0J4AaABAg,@rezaahmadrahardian6531,Baca komentar-komentar dari teman-teman lain yang punya cerita â€¦ seru ya â€¦ banyak banget kisahnya â€¦ bikin haru â€¦,2025-05-16T04:35:03Z,0,baca komentarkomentar temanteman cerita seru ya banget kisahnya bikin haru,10,positive
JENpTmMQBQY,UgwweElcQ5HP9S-HYPR4AaABAg,@rachmatnursalam9253,"lirik yang imajinatif, pengkisahan yang ekspresif dengan kata kata memuat eksplisit, good overall bintang 5/5",2025-05-16T04:32:23Z,0,lirik imajinatif pengkisahan ekspresif memuat eksplisit good overall bintang,9,neutral
JENpTmMQBQY,Ugw-reiZAk8Ll7JmArB4AaABAg,@H2O5519,"Ngeliat isi komennya, pada cerita tentang berpindah agama dengan alasan karena jatuh cinta antara penganut agama berbeda ğŸ˜ª lucu aja sih, secara mencintai Tuhan bisa disandingkan dengan mencintai manusia, lalu membuat keputusan untuk meninggalkan yang satu demi bersama yang lain.....",2025-05-16T04:26:47Z,0,ngeliat isi komennya cerita berpindah agama alasan jatuh cinta penganut agama berbeda lucu aja sih mencintai tuhan disandingkan mencintai manusia keputusan meninggalkan,22,positive
JENpTmMQBQY,Ugw-QMTgl4yndjFqYV14AaABAg,@Zayyoora,"Butuh waktu 16 thn untuk ada syair lagu yang sama seperti yang dijalani..ketika bicara tentang hati, tidak mau tapi berpikir yang jauh, jiwa tidak ingin",2025-05-16T04:20:00Z,0,butuh thn syair lagu dijalaniketika bicara hati berpikir jiwa,9,neutral
JENpTmMQBQY,UgyG-qK_KA_DRitDfIx4AaABAg,@ferrymayhindra5930,ada yg bisa menjelaskan alur dari cerita Vidio clip nya?,2025-05-16T03:52:39Z,0,yg alur cerita vidio clip nya,6,positive
JENpTmMQBQY,UgwBxEa4fvuMd1VjM3V4AaABAg,@ikaismarwati8169,"Sedang berjuang dan membimbing ego anakÂ²ku yg saling menyayangi tapi berbeda cudut pandang cara berpikir .entahlah sampai kapan aku bisa bertahan dan mereka jg bisa berjuang memerangi ego masingÂ² ,, hanya bisa berdoa saja dari sini. Berharap anakÂ²ku bisa keluar dari kotak mereka masingÂ² dan saling mengalah untuk melangkah dan menyongsong masa depan yg lebih cerah .ğŸ˜©",2025-05-16T03:48:27Z,0,berjuang membimbing ego anakku yg menyayangi berbeda cudut pandang berpikir bertahan jg berjuang memerangi ego berdoa berharap anakku kotak mengalah melangkah menyongsong yg cerah,24,positive
JENpTmMQBQY,UgzDcfWSs9Jp3TXSLbN4AaABAg,@sonyaja5468,"ceritanya sama seperti tetanggaku, menikah udah lama dan udah punya anak tiba2 istri murtad, lgsg dicerai, krna kalau masih bersama sama aja mereka melakukan zina kata si suaminya...",2025-05-16T03:42:12Z,9,ceritanya tetanggaku menikah udah udah anak istri murtad lgsg dicerai krna aja zina si suaminya,15,negative
JENpTmMQBQY,Ugw8Teg3cuoJW5AHFz54AaABAg,@hyundai0709,laah si tami ini feat nya.. apa kabar mi?,2025-05-16T03:07:41Z,0,laah si tami feat nya kabar mi,7,neutral
JENpTmMQBQY,UgwUu8vE1aEohI2quMp4AaABAg,@fendyachmads,"13 tahun bersama org yg sama, saya muslim, istri saya kristen (pacar saat itu)
tahun 2021 istri mualaf, 2022 menikah
jalan memang gak gampang, tapi komitmen di pegang ğŸ‰",2025-05-16T02:58:03Z,2,org yg muslim istri kristen pacar istri mualaf menikah jalan gak gampang komitmen pegang,14,negative
JENpTmMQBQY,UgzwKSo-vYHrQCjjtZd4AaABAg,@yunadiahmad7037,Ko bisa ya 2 taun lalu tp booming nya 2025,2025-05-16T02:46:43Z,0,ko ya taun tp booming nya,6,positive
JENpTmMQBQY,UgzQKGaCYp8q1b8mqPt4AaABAg,@oppo13pranata49,"Teringat dlu wktu SMA di tahun 2010 smpai lulus ,tiap kali punya pacar ,kristen,katolik,hindu, aku islam ,aku mempelajari semua sifat manusia dan semua kitab,dari pacaran itu dan akhir aku mantap untukkkk",2025-05-16T02:42:37Z,0,dlu wktu sma smpai lulus kali pacar kristenkatolikhindu islam mempelajari sifat manusia kitabdari pacaran mantap untukkkk,16,positive
JENpTmMQBQY,Ugx6ZKukxnTGkLwCKPx4AaABAg,@ruangbiru69,"Apresiasi bagian melodi, harmoni, gaya bahasa, tempo dan dinamika

Melodi, menggunakan nada dengan rentang jarak nada yang luas, nada rendah dan nada tingginya

Harmoni, menggunakan alat musik gitar akustik, dan suara synthesizer, perkusi yang tidak terlalu keras, diperindah dengan backing vocal suara perempuan

Gaya bahasa, tersirat dengan makna-makna yang harus dibedah lagi dalam ilmu kebahasaan


Tempo dan dinamika, menggunakan tempo sedang cenderung lambat, mengekspresikan bahwa perasaan bimbang karena bukan hanya soal benar dan salah, tapi antara cinta dan realitas yang berbeda...",2025-05-16T02:06:51Z,0,apresiasi melodi harmoni gaya bahasa tempo dinamika melodi nada rentang jarak nada luas nada rendah nada tingginya harmoni alat musik gitar akustik suara synthesizer perkusi keras diperindah backing vocal suara perempuan gaya bahasa tersirat maknamakna dibedah ilmu kebahasaan tempo dinamika tempo cenderung lambat mengekspresikan perasaan bimbang salah cinta realitas berbeda,50,positive
JENpTmMQBQY,UgzKBHWIn4IAO_bTOGl4AaABAg,@habibiewilyamadwisunu8023,Kenapa perbedaan membuat pisah? Bukankah warna pelangi itu menyatu? Indah kan...â¤ğŸ˜Š,2025-05-16T01:34:53Z,0,perbedaan pisah warna pelangi menyatu indah,6,positive
JENpTmMQBQY,Ugyvi3DNnR02irDjJUN4AaABAg,@Cinelabpro,"Enak bgt lagunya, tp trnyata uda 2 tahun di bikinnya",2025-05-16T01:34:49Z,0,enak bgt lagunya tp trnyata uda bikinnya,7,positive
JENpTmMQBQY,Ugzpt6oVjAbyGhc4DlJ4AaABAg,@daniseven8482,"Saya muslim dia Budha, kita bersama selama 11 tahun hingga akhirnya maut memisahkan kita, sekarang hanya bisa menatap layar untuk mengenang keindahan selama bersama, semoga kamu berbahagia dialam sana, rindu ini justru yg sangat menyiksa ğŸ™ğŸ¼",2025-05-16T01:07:19Z,3,muslim budha maut memisahkan menatap layar mengenang keindahan semoga berbahagia dialam rindu yg menyiksa,14,neutral
JENpTmMQBQY,Ugwo6tckb1WAVMOdzF94AaABAg,@Gunawannabe_,"Perjalanan lama selama 8 tahun, dengan aku yang selalu menunggu kumandang adzan dan dia yang menunggu lonceng yang berdentang.
Dan akhirnya kami bersama"" untuk menunggu lantunan adzan yang sangat indah. Hingga sekarang menunggu kedatangan keturunan kami ğŸ˜Š
Alhamdulillah â¤ï¸",2025-05-16T00:21:30Z,1,perjalanan menunggu kumandang adzan menunggu lonceng berdentang menunggu lantunan adzan indah menunggu kedatangan keturunan alhamdulillah,15,positive
JENpTmMQBQY,Ugw7pb0OQl2c3_zhOYN4AaABAg,@MuhammadTohirFirmansyah-j1f,Bandnya istirahat lagunya meledak.....padahal ini udah lama lagunyaa baru meledak sekarang tapi gua akuin nih lagu emang buat candu sih,2025-05-15T23:45:19Z,1,bandnya istirahat lagunya meledakpadahal udah lagunyaa meledak gua akuin nih lagu emang candu sih,14,negative
JENpTmMQBQY,UgxL0Dxi0JuUBPgNOz54AaABAg,@hamzahbarvasbonekliar,saya muslim dia hindu sudah kenal selama 1 tahun pacaran 9 bulan pada akhirnya saya rela mengikhlaskan karena beda agama,2025-05-15T23:42:45Z,0,muslim hindu kenal pacaran rela mengikhlaskan beda agama,8,negative
JENpTmMQBQY,UgzWGfiGPnECZ_dpWJx4AaABAg,@sahabatkicau9068,"Inget pas dlu sma suami, dlu kenal gak tau kalok dia kristen, mau udahan tapi terlanjur nyaman, tapi nyamanya smpek  8 tahun wkwk, akhirnya dia putuskan jadi mualaf dan usia pernikahanku udah 4 tahun dengan 2 bocil sekarang, semoga kita bisa smpek tua nntik aminnnn",2025-05-15T22:49:12Z,0,inget pas dlu sma suami dlu kenal gak tau kalok kristen udahan terlanjur nyaman nyamanya smpek wkwk putuskan mualaf usia pernikahanku udah bocil semoga smpek tua nntik aminnnn,28,positive
JENpTmMQBQY,Ugy8a5KnBdk1zz2VROF4AaABAg,@heniifbrnaa5889,"Aku islam kamu Konghucu, 5thn yg lalu tapi masi merindu hehe:')",2025-05-15T22:48:10Z,0,islam konghucu thn yg masi merindu hehe,7,neutral
JENpTmMQBQY,UgyO2e-wcFW02H__NQd4AaABAg,@rakaajimuhammadramdani2056,Ini soundtrack lagu ibu gajah yg kehilangan anaknyağŸ˜¢,2025-05-15T22:46:39Z,0,soundtrack lagu gajah yg kehilangan anaknya,6,neutral
JENpTmMQBQY,UgwmK1RK8nQefnztUvR4AaABAg,@wahyuniningtyas7431,Kayaknya ini bukan masalah agamanya berbeda juga deh dari segi lirk dan tema klipnya in  juga masalah prinsip dan sudut pandang pendapat yg berbeda,2025-05-15T22:36:44Z,0,kayaknya agamanya berbeda deh segi lirk tema klipnya prinsip sudut pandang pendapat yg berbeda,14,negative
JENpTmMQBQY,Ugweqw3-NoaZYcY5Q4x4AaABAg,@dawdawdawdaw8668,Kesini gara2 fajar noor yg duet ama siapa tuh cwe yg merdu... ğŸ¤£ğŸ¤£,2025-05-15T19:30:37Z,0,kesini gara fajar noor yg duet ama tuh cwe yg merdu,11,negative
JENpTmMQBQY,Ugx0euimqavf7Cg6K9N4AaABAg,@fabianbee6518,perbedaan bukan lah sebuah kesalahan karna sebenarnya tuhan menciptakan kita untuk menyatu bukan membedağŸ’¥,2025-05-15T19:08:14Z,0,perbedaan kesalahan karna tuhan menciptakan menyatu membeda,7,positive
JENpTmMQBQY,UgxhA12o9oeCcP4UiVZ4AaABAg,@mohdrafei6951,"â€œBefore we part ways in this world, my last wish is simple: that your heart always finds peace in your faith, just as mine does in mine. May Godâ€™s mercy be with us both, guiding us through different paths to the same truth â€” love, kindness, and eternal peace. No matter our beliefs, Iâ€™m grateful our souls met.â€

Im Muslim and she was Christian",2025-05-15T18:11:40Z,1,part ways world last wish simple heart always finds peace faith mine mine may gods mercy us guiding us different paths truth love kindness eternal peace matter beliefs im grateful souls met im muslim christian,35,positive
JENpTmMQBQY,Ugw7ZLtbRKnTVkWhvPB4AaABAg,@kimgita7118,Jangan salahkan pahan ku kiri .....oh ooohhh,2025-05-15T17:51:16Z,0,salahkan pahan ku kiri oh ooohhh,6,negative
JENpTmMQBQY,UgwERZ7o_fz_zt4hoZN4AaABAg,@meiyaashiysi,bapaknya ariel noah.. ibunya si ibunya noah ğŸ˜…ğŸ˜…ğŸ˜…,2025-05-15T17:23:35Z,0,bapaknya ariel noah ibunya si ibunya noah,7,negative
JENpTmMQBQY,Ugw1wKk6BuLFEgxMzbZ4AaABAg,@yantofathan5024,"Gua muslim dulu pernah kenal Akper namanya Melva dia Kristian, inget dulu suka telponan lama pake telpon umum koin",2025-05-15T16:21:16Z,0,gua muslim kenal akper namanya melva kristian inget suka telponan pake telpon koin,13,neutral
JENpTmMQBQY,Ugy_xV-gMELNVq2O0Dl4AaABAg,@vionitamuditha1843,so so an nyetel lagu mangu padahal yg beda perasaannya,2025-05-15T16:17:00Z,0,nyetel lagu mangu yg beda perasaannya,6,negative
JENpTmMQBQY,UgxQQ4zBhoIhtIt0wkJ4AaABAg,@danitompo4034,"mungkin berbeda dari beberapa top komen ,,untuk fourtwenty selamat ya lagi beberapa tahun lalu sekarang sepertinya meledak,disaat para personilnya lagi istirahat, mungkin ini rejekinya,
tetep membumi banyakin menabung walaupun memang kalian dari awal tidak terlalu peduli hal semacam itu , seenggaknya bisa buat tetep menjadikan kalian tetep berkarya di jalur ini ,
sukses selalu",2025-05-15T16:10:59Z,0,berbeda top komen fourtwenty selamat ya meledakdisaat personilnya istirahat rejekinya tetep membumi banyakin menabung peduli seenggaknya tetep menjadikan tetep berkarya jalur sukses,22,positive
JENpTmMQBQY,UgwSrMxhMtaN30kgnxx4AaABAg,@ferikusumax7842,"part akhirnya nuasa lagunya kayak lagu favorite saya dulu band five minutes judulnya ""bersalah""",2025-05-15T16:03:21Z,1,part nuasa lagunya kayak lagu favorite band five minutes judulnya bersalah,11,negative
JENpTmMQBQY,Ugx3XhtIxgZumrIx4OZ4AaABAg,@yudhipuratmaji,"Gais, ternyata aku baru tau kalau di Indo itu gak boleh nikah beda agama , asli terkejut",2025-05-15T15:39:24Z,1,gais tau indo gak nikah beda agama asli terkejut,9,negative
JENpTmMQBQY,UgzZSBKKlp285J8D7ZZ4AaABAg,@Elbarinov,lagu sangt dlam mmbuat hati mrasa dilema sakit tp cinta yg kuat sama2 di genggam,2025-05-15T15:34:42Z,0,lagu sangt dlam mmbuat hati mrasa dilema sakit tp cinta yg kuat genggam,13,positive
JENpTmMQBQY,UgwWL25DdqkHJFeUVPl4AaABAg,@wahyuchanel4725,"Pernah mengalami,, dia katolik saya muslim
Dan kita sama2 bertegang teguh dengan agama masing-masing,,, 
Manusia hanya bisa berusaha, Tuhan lah yang tetap menentukan ğŸ˜",2025-05-15T15:21:18Z,0,mengalami katolik muslim bertegang teguh agama masingmasing manusia berusaha tuhan menentukan,11,neutral
JENpTmMQBQY,UgznY2E2Q95QWzj8mpN4AaABAg,@emarahayu7698,"Aku menunggu tapi nyatanya penantianku sia"", aku bukan doa yg dia inginkan namun dia adalah doa yg aku semogakan. ğŸ˜…",2025-05-15T15:16:27Z,0,menunggu penantianku sia doa yg doa yg semogakan,8,negative
JENpTmMQBQY,UgwStrIPOQMhXuLDx-x4AaABAg,@millatulazizah6418,"Wow dalem banget liriknya ternyata, ini si tentang ego masing2 pasangan, stlah hidup berumah tangga pasti tau. Ternyata hidup bersama pasangan juga banyak perbedaan2 yg hrus disatukan, hrs saling mengalah, ego emang besar tp klo mau bersama hrs brtahan dan meredam ego masing2. Kareng pernikahan adlh ibadah seumur hidup.",2025-05-15T15:00:29Z,1,wow dalem banget liriknya si ego pasangan stlah hidup berumah tangga tau hidup pasangan perbedaan yg hrus disatukan hrs mengalah ego emang tp klo hrs brtahan meredam ego kareng pernikahan adlh ibadah seumur hidup,34,positive
JENpTmMQBQY,UgzDWZAs83o9cPHyLnp4AaABAg,@fatwalillah7787,Lagu ini di bikin film keren kali yağŸ˜Š,2025-05-15T14:49:49Z,0,lagu bikin film keren kali ya,6,positive
JENpTmMQBQY,UgwnpRRUD8kV0P1EqAV4AaABAg,@CLIPPERNOB,"3 th pacaran,,dia krinsten aku islam...hii.. sis...apa kabar?dah 1 th lebih,,kita gak menyapa,,gak ada kata putus gak ada kata pisah..kata terahirmu..kita masing2 aja dulu,ntar aku kabrin.....udh 1 th lebih...loss contack,gak ada kabar lagi drimu..,titip pesen aja ...baik2 dengan pasangnmu yahh...jangan salah pilih pacar lagi,cari yg seiman ..:)trimsss",2025-05-15T14:44:46Z,0,th pacarandia krinsten islamhii sisapa kabardah th lebihkita gak menyapagak putus gak pisahkata terahirmukita aja duluntar kabrinudh th lebihloss contackgak kabar drimutitip pesen aja pasangnmu yahhjangan salah pilih pacar lagicari yg seiman trimsss,33,neutral
JENpTmMQBQY,UgzIIv8TLffe-QBZkDt4AaABAg,@Kakawong93,Siapa yg kesini setelah liat video kejadian anak ğŸ˜..?? ğŸ˜¢,2025-05-15T14:44:28Z,1,yg kesini liat video kejadian anak,6,negative
JENpTmMQBQY,Ugy1XH9IGoDglPInmn94AaABAg,@iyastsantoso3812,Bakul motor keliling selalu hadir oleh oleh untuk sodara kalian Tawangmangu - Kemuning,2025-05-15T14:35:18Z,1,bakul motor keliling hadir sodara tawangmangu kemuning,7,neutral
JENpTmMQBQY,UgzyfzUGjTSaHtX9FW54AaABAg,@ramasyahputra2171,Kesini gara gara Dewi persik top dah versi asli ny,2025-05-15T14:30:00Z,0,kesini gara gara dewi persik top dah versi asli ny,10,negative
JENpTmMQBQY,Ugxo7Xja2_hACUjIZJ94AaABAg,@sigitrizki499,"Gua pernah beda keyakinan 
Gua yakin dia jodoh gua dan dia gak yakin gua jodohnya",2025-05-15T14:26:02Z,0,gua beda keyakinan gua jodoh gua gak gua jodohnya,9,negative
JENpTmMQBQY,UgyfYC2j3Th82cVySOJ4AaABAg,@hipnotissamarinda9220,Alhamdulilah pacaran beda agama hanya berlangsung 1 tahun..saya muslim dan dia kristen.. dan akhirnya kami bersatu dalam doa dan cinta.. terimakasih istriku telah memilihku dan mau menemaniku hingga saat ini besok dan sterusnya..â¤,2025-05-15T14:24:35Z,0,alhamdulilah pacaran beda agama tahunsaya muslim kristen bersatu doa cinta terimakasih istriku memilihku menemaniku besok sterusnya,16,negative
JENpTmMQBQY,Ugxst6vU5ULbKr8T5Mp4AaABAg,@ediadnyana2457,Gw nangis denger lagu ini !! + Bulu gw merinding setiap gw resapi lagu iniğŸ˜¢ğŸ˜¢ğŸ˜¢,2025-05-15T14:11:38Z,0,gw nangis denger lagu bulu gw merinding gw resapi lagu,10,negative
JENpTmMQBQY,UgzKfDCutFTrO9k0EgZ4AaABAg,@wildashifafauahziy6607,Ada yg bsa jelasin maksd video clip nya apaa,2025-05-15T14:04:00Z,0,yg bsa jelasin maksd video clip nya apaa,8,neutral
JENpTmMQBQY,UgwNbTCmVSjyygeFSJV4AaABAg,@sykchannel2286,Sumpah gw nangis klo dngerin lagu ini pdhl gw cowok,2025-05-15T14:03:42Z,0,sumpah gw nangis klo dngerin lagu pdhl gw cowok,9,negative
JENpTmMQBQY,Ugx_5mZT851SJwyJoRJ4AaABAg,@goblinarci3053,"Kau menggenggam, ku menadahnya. Inituh cara berdoa ya",2025-05-15T14:03:05Z,0,kau menggenggam ku menadahnya inituh berdoa ya,7,neutral
JENpTmMQBQY,UgwCDscKuiCKKzSuQAx4AaABAg,@PamHidayat,"Pernah denger lagu 420 ini sebuah lagu tentang suami istri, dan sang istri berucap pada suaminya pas tengah malam kalo dia akan pindah agama. Oh... gils di luar logika dan sulit di cerna, karna pernah sama cara berdoa, tapi kini kita harus berbeda. Katanya sih gitu ya.",2025-05-15T14:02:55Z,0,denger lagu lagu suami istri sang istri berucap suaminya pas malam kalo pindah agama oh gils logika sulit cerna karna berdoa berbeda sih gitu ya,25,negative
JENpTmMQBQY,UgwzHVNyDnc2uXrV1cF4AaABAg,@ridwan_tricks,Udah sering dengar tapi baru kesini dan termyata lagu udah rilis hampir 3 tahun yang laluğŸ¥²,2025-05-15T13:59:16Z,0,udah dengar kesini termyata lagu udah rilis,7,negative
JENpTmMQBQY,UgyzDl3DQ-y98TALiix4AaABAg,@KayaApa,"Ini liriknya, sebenarnya bisa bukan beda agama, tapi yang diucapkan dalam doa, masing2 beda. Ada kata2 ""mulai berbeda,"" ""ini soal hati, bukan yang diyakini"". Tapi multi tafsir sih namanya lirik. Hehe",2025-05-15T13:48:06Z,7,liriknya beda agama doa beda berbeda hati diyakini multi tafsir sih namanya lirik hehe,14,neutral
JENpTmMQBQY,UgxZaZWB-z7LUp_D61l4AaABAg,@nuariosha,"Termangu..
biarlah aku yang hancur, kau boleh melanjutkan hidupmuğŸ˜¢",2025-05-15T13:24:21Z,0,termangu biarlah hancur kau melanjutkan hidupmu,6,negative
JENpTmMQBQY,UgxHw0P0JFcukGVE4e14AaABAg,@luqiluq,"Cinta dalam perbedaan keyakinan. Yg satu yakin si dia mau menerima, sementara pasangannya ga yakin hehehe",2025-05-15T13:20:38Z,0,cinta perbedaan keyakinan yg si menerima pasangannya ga hehehe,9,negative
JENpTmMQBQY,UgzMhm_hK8W_ZX-rHH94AaABAg,@lailamufidah7867,Ini konsep videoclipnya sama lagunya koq ga nyambung ya akuğŸ˜®,2025-05-15T12:44:53Z,0,konsep videoclipnya lagunya koq ga nyambung ya,7,negative
JENpTmMQBQY,UgxZUJ-mwTw9K5RGZ1Z4AaABAg,@RianAriansta,Kalo tau arti dari lirik ini waaaahh dalam banget bener,2025-05-15T12:34:35Z,0,kalo tau arti lirik waaaahh banget bener,7,positive
JENpTmMQBQY,UgyXMlun_v0OpCVCRBV4AaABAg,@aura_channel31,tau nya 2025 vokalisnya viral di ig pas di mall.,2025-05-15T12:33:52Z,0,tau nya vokalisnya viral ig pas mall,7,positive
JENpTmMQBQY,UgzLucl0VVnc1moUzQR4AaABAg,@sintadewi2471,"Awal nya saya fikir ini tentang cinta beda agama, tapi setelah 2x mendengarkan untuk memahami lirik nya, ternyata ini bukan soal keyakinan tapi ini soal hati, soal pemikiran yg sudah berbeda arah dan tujuan nya, 

Sumpah suka semua lagu 420 â¤â¤",2025-05-15T12:22:40Z,2,nya fikir cinta beda agama x mendengarkan memahami lirik nya keyakinan hati pemikiran yg berbeda arah tujuan nya sumpah suka lagu,21,positive
JENpTmMQBQY,Ugy1cEcvUrI78xImJ2B4AaABAg,,"Lagu ini mengingatkan saya untuk bisa melepaskan laki2 yg sdh jd imam saya tp tidak bisa membawa saya kpd SurgaNya. Krn dia ingin bebas tnp tanggung jwb istri & anak, tidak tkt Tuhannya, tujuan rumah tangga kami beda arah. Aku selalu mendoakan tp segala doa & tirakatku untuknya berujung pd perpisahan & itu sdh Allah berikan petunjuk terus menerus agar sy membuka mata. Kami sudah beda cara pandang, tujuan, & arah. Teriris ketika mendengar lagu ini, teringan memori getir yg menghancurkan hati, tp itu kenyataan yg hrs aku ambil demi menyelamatkan diri & anak dr pasangan & keluarganya yg super toxic. Hanya punya Allah yg menemani & mendampingi untuk terus menyelamatkan ku dr manusia yg salah.",2025-05-15T12:14:00Z,0,lagu melepaskan laki yg sdh jd imam tp membawa kpd surganya krn bebas tnp tanggung jwb istri anak tkt tuhannya tujuan rumah tangga beda arah mendoakan tp doa tirakatku untuknya berujung pd perpisahan sdh allah petunjuk menerus sy membuka mata beda pandang tujuan arah teriris mendengar lagu teringan memori getir yg menghancurkan hati tp kenyataan yg hrs ambil menyelamatkan anak dr pasangan keluarganya yg super toxic allah yg menemani mendampingi menyelamatkan ku dr manusia yg salah,76,negative
JENpTmMQBQY,Ugwc93I2gJ3CjOCoVQp4AaABAg,@indovip7390,"bener bener sulit dicerna, berulang2 gw puter video klipnya nggak paham permasalahan yang diperanin disitu, ada 3 cewe 1 anak kecil dan 1 laki, itu 3 cewe siapa aja, lakinya siapa, anaknya siapa dan konflik apa yang dihadapi sampe emosi2an, ada yang bisa jelasin?",2025-05-15T12:13:26Z,0,bener bener sulit dicerna berulang gw puter video klipnya nggak paham permasalahan diperanin disitu cewe anak laki cewe aja lakinya anaknya konflik dihadapi sampe emosian jelasin,26,negative
JENpTmMQBQY,Ugzh1r6BtFkxXwGf86x4AaABAg,@nomus529,"Ini lagu bukan hanya tentang beda Agama, tapi tentang kisah yang tak bisa bersama karena terhalang keyakinan, keadaan, restu, bahkan prinsip pribadi dan energi yang sudah tak terhubung lagi.",2025-05-15T12:01:06Z,0,lagu beda agama kisah terhalang keyakinan restu prinsip pribadi energi terhubung,11,neutral
JENpTmMQBQY,UgxCKSZeBbitTiCYPDt4AaABAg,@apkdita3220,"Ternyata udh 2 tahun lagi ini..kemana aja gw selama ini..
Liriknya sangat dalam...sangat menghayati sekali...",2025-05-15T11:50:46Z,0,udh inikemana aja gw liriknya dalamsangat menghayati,7,positive
JENpTmMQBQY,UgzRYKe0oi1pc-a5H1t4AaABAg,@novidrnita2915,Menurut aq lagu ini menceritakan tentang keluarga yang tadinya sejalan. Terus tiba tiba salah satunya pindah agama. Nah rumah tangga yang berbeda agama gini yang bikin gila ga ada ujungnya pertengkaran mulu karna beda sudut pandang,2025-05-15T11:42:59Z,1,aq lagu menceritakan keluarga sejalan salah satunya pindah agama rumah tangga berbeda agama gini bikin gila ga ujungnya pertengkaran mulu karna beda sudut pandang,24,negative
JENpTmMQBQY,UgwnsAZzMfkPbARSx5d4AaABAg,@RandiRekmanto-k7o,"Lagu yg enak dinikmati TPI sulit untuk menyanyikannya
Ga seperti lagunya Radja atau CharlyğŸ¤£",2025-05-15T11:34:26Z,1,lagu yg enak dinikmati tpi sulit menyanyikannya ga lagunya radja charly,11,positive
JENpTmMQBQY,UgwKww7UQ8EkNzBBm414AaABAg,@Kangvolt,Dlu 2022 stlah skitar 1 buln .. ak suka dgr lagu ini .sering play.. Dekat thun baru.. lalu lupa . Dan skrg bru viral lagiiğŸ˜¢ğŸ˜¢ğŸ˜¢,2025-05-15T11:16:21Z,0,dlu stlah skitar buln ak suka dgr lagu play thun lupa skrg bru viral lagii,15,positive
JENpTmMQBQY,UgwLw_PqPYN-3FlUOHR4AaABAg,@gusrianda-zi2wz,ke sini gara gara dewi persik ternyata lagunya santai bukan pakai urat leher.,2025-05-15T10:48:04Z,0,gara gara dewi persik lagunya santai pakai urat leher,9,negative
JENpTmMQBQY,UgxhMhTthV22Zy638dd4AaABAg,@v-projects99,"Dua lagu yg penuh arti 2025.
1. ğŸµ Mangu - Fourtwnty
2. ğŸµ Walau Berantakan -  Prince husein ft Feby putri

ğŸ§ Siapkan kopi duduk di teras, pejamkan mata dan rasakan semuanya. Terimakasih musisi Indonesia.. ğŸƒ",2025-05-15T10:42:48Z,3,lagu yg penuh arti mangu fourtwnty berantakan prince husein ft feby putri siapkan kopi duduk teras pejamkan mata rasakan terimakasih musisi indonesia,22,positive
JENpTmMQBQY,UgzBX0pt3JxJEaj39Vh4AaABAg,@AsyaniSyahputriOfficial,"Jadi inget dulu ketemu sama yang beda agama kenal 5 tahun jalanin teman rasa pacar wkwk,ujung ujung nya dia yg ninggalin dan udah ada yang baru.tapi gpp tetap tenang dan ikhlas apa kehendak nya kalo emang udah jalan nya yaudah gpp gaperlu iri dan cemburu.biar kan dia bahagia dengan pilihan nyağŸ˜ŠğŸ’”ğŸ¥€",2025-05-15T10:10:27Z,1,inget ketemu beda agama kenal jalanin teman pacar wkwkujung ujung nya yg ninggalin udah barutapi gpp tenang ikhlas kehendak nya kalo emang udah jalan nya yaudah gpp gaperlu iri cemburubiar bahagia pilihan nya,33,positive
JENpTmMQBQY,UgwHcBvlLYlB4SfUosR4AaABAg,@alfiankanjaya3363,"2008 kenal, 2010 menikah, sampai 2025 masih bertahan dengan 3 anak.. sya Kristen istri muslim",2025-05-15T10:09:41Z,0,kenal menikah bertahan anak sya kristen istri muslim,8,neutral
